	model	day2	all_get2	day_get2	test_day2	test_all_get2	test_day_get2	day5	all_get5	day_get5	test_day5	test_all_get5	test_day_get5	day10	all_get10	day_get10	test_day10	test_all_get10	test_day_get10	day20	all_get20	day_get20	test_day20	test_all_get20	test_day_get20	day30	all_get30	day_get30	test_day30	test_all_get30	test_day_get30	day50	all_get50	day_get50	test_day50	test_all_get50	test_day_get50	day70	all_get70	day_get70	test_day70	test_all_get70	test_day_get70	day90	all_get90	day_get90	test_day90	test_all_get90	test_day_get90	day100	all_get100	day_get100	test_day100	test_all_get100	test_day_get100	sum_over_present	choose_k
0	/mnt/lustre/users/sanger-dev/sg-users/liubinxu/soft/finiance/stock_data/finiance/train/amount_normalize20_rolling_96_exp_mean_close480_close2880_down_K72_9_240_3_1000_no_1_kparent60	260.0	3.723694930958417	1.005069407864652	363.0	5.678811581546536	1.0047958767538034	655.0	17.560928831527562	1.00438466322688	807.0	7.125717334334801	1.0024363092098147	1159.0	82.41607966683068	1.0038137946805834	1330.0	30.172364621077417	1.0025648825145335	2626.6666666666665	2611.2663132045836	1.002999765914029	2576.3333333333335	445.0053622021582	1.0023697667237403	3911.6666666666665	21247.734161746845	1.002550500233249	3770.0	2772.4491307959092	1.0021049939263835	6462.666666666667	309323.03672235017	1.0019580949025815	6452.0	33759.91142112724	1.0016173991611792	9197.666666666666	231191.36606141337	1.0013437427062277	9126.0	45930.391401060064	1.0011769886563435	11976.666666666666	6695.835128281825	1.0007358041912355	11738.333333333334	48215.57181022529	1.0009190735716493	13370.333333333334	110.3302770304935	1.0003518465599357	12988.0	2759.3291040227355	1.000610190929941	0.006122129514771313	60
1	/mnt/lustre/users/sanger-dev/sg-users/liubinxu/soft/finiance/stock_data/finiance/train/amount_normalize20_rolling_96_exp_mean_close480_close2880_down_K72_9_240_3_1000_no_1_kparent80	232.0	4.128523301702874	1.0061304379156244	268.0	3.1775376184715625	1.0043231484195527	488.0	12.91150936390735	1.0052558109308887	519.0	9.813842436673788	1.0044100694298876	1248.0	276.1571186511925	1.004514140524666	1243.0	33.42981507948266	1.0028273588648207	2633.0	9713.079192626315	1.0034930705077634	2585.3333333333335	2205.088685469035	1.0029822060086053	3903.0	88019.70724785195	1.0029213266827888	3791.0	14743.476211084495	1.0025351405125134	6621.0	1203439.911338914	1.002116826446835	6396.0	103171.75670629657	1.0018065313817233	9300.0	850030.5097091475	1.0014691456140257	9092.666666666666	760897.2482900837	1.0014904696010658	11789.666666666666	14900.639048920242	1.0008153815273455	11496.333333333334	84816.97558957295	1.0009876065296501	13192.666666666666	328.2177800727604	1.000439255372468	12910.0	7709.235479560547	1.0006935149096134	0.008122437917236103	80
2	/mnt/lustre/users/sanger-dev/sg-users/liubinxu/soft/finiance/stock_data/finiance/train/amount_normalize20_rolling_96_exp_mean_close480_close2880_down_K72_9_240_3_1000_no_1_kparent100	134.0	2.4370375851458084	1.006669780373617	140.0	1.471909159870292	1.002764960517276	582.0	23.649466362401622	1.0054500910460602	635.0	11.082487857589737	1.003795161712142	1332.0	529.2915565911594	1.004719464690581	1397.0	72.37158958898354	1.0030697082432243	2635.0	16934.899227693466	1.0037021422533148	2649.3333333333335	5080.58624313073	1.0032260715431338	3930.0	200064.27273627324	1.0031107811296334	3799.0	82974.83099363814	1.0029858366484228	6639.666666666667	2305239.696930359	1.0022089769756022	6316.333333333333	776108.8608649722	1.0021494461402667	9277.0	1952885.3746042028	1.001562588388036	8895.666666666666	2562058.6847580886	1.0016601979414586	12057.0	20014.518689881603	1.0008217866999967	11501.0	348829.68542626913	1.0011102880358718	13193.0	368.9612977578486	1.0004481176380005	12948.0	17255.187479680993	1.000753749179625	0.008541075162164291	100
3	/mnt/lustre/users/sanger-dev/sg-users/liubinxu/soft/finiance/stock_data/finiance/train/amount_normalize20_rolling_96_exp_mean_close480_close2880_down_K72_9_240_3_1000_no_1_kparent120	263.0	5.9273102640098605	1.0067893718603889	296.0	5.2926353298589905	1.0056453220503838	658.0	47.62141255585725	1.0058885195753795	728.0	15.688007578299608	1.0037886100427968	1271.0	683.8071823364041	1.005149069491766	1313.0	326.68978600898	1.0044187293923115	2567.0	39932.449563117545	1.004135893749694	2608.0	12457.35987535329	1.0036223681656906	3903.0	580522.5410586662	1.003406168048411	3817.6666666666665	100337.2936967223	1.0030211333558698	6625.666666666667	4557728.790239404	1.0023167614050594	6357.333333333333	1820844.1127281624	1.0022700029464657	9391.0	1768541.746442226	1.001533030551626	8940.333333333334	12259888.762364587	1.0018273089821332	12020.0	11906.741568575973	1.0007810752663182	11585.0	274567.3702109853	1.0010815470694487	13193.0	136.17556878674534	1.0003725354546114	12979.0	10221.631830147988	1.0007115760736625	0.010466019677451754	120
4	/mnt/lustre/users/sanger-dev/sg-users/liubinxu/soft/finiance/stock_data/finiance/train/amount_normalize20_rolling_96_exp_mean_close480_close2880_down_K72_9_240_3_1000_no_1_kparent140	179.0	3.9007632755947728	1.0076333004459224	215.0	2.4587675560079	1.0041932332932222	611.0	43.60914873222977	1.0061979613630971	703.0	27.626458284553795	1.004732034202953	1329.0	1172.663279504203	1.0053317199179523	1349.0	336.0690264190926	1.0043216291197807	2630.0	63834.06186736161	1.004215721414485	2759.6666666666665	15714.038323402312	1.0035073962939631	3986.0	1065820.203683388	1.0034880700111526	4072.0	86699.8549320018	1.002796192715427	6707.0	8896458.915376496	1.0023885889942148	6608.333333333333	309444.2029752062	1.0019149509401182	9327.333333333334	2531655.8581247614	1.0015820217316107	9096.333333333334	8480658.245530427	1.0017553552407688	11920.333333333334	14824.506531306615	1.0008060099179419	11527.0	66707.83851442077	1.0009641217709484	13362.333333333334	41.04577481170411	1.0002780355940744	13069.666666666666	3643.1327058444745	1.000627649711039	0.010794461242011222	140
5	/mnt/lustre/users/sanger-dev/sg-users/liubinxu/soft/finiance/stock_data/finiance/train/amount_normalize20_rolling_96_exp_mean_close480_close2880_down_K72_9_240_3_1000_no_1_kparent160	219.0	5.793553958873325	1.0080539306390708	270.0	2.9083071412265915	1.0039617945508117	589.0	49.49269253488778	1.006646481188745	607.0	18.669688011659133	1.004833557222896	1130.0	760.2632162227711	1.0058877648958753	1148.0	168.2890839307992	1.0044748633014613	2652.0	116829.03747331192	1.004409568066001	2696.6666666666665	21425.541061795342	1.0037048704783984	3990.0	1710109.904954272	1.0036034865760672	3998.0	89758.29070417242	1.0028567179061652	6569.0	27066274.81306503	1.0026086331494117	6448.333333333333	192661.8312655595	1.0018888882082162	9366.333333333334	10219399.966663538	1.0017246569885359	9103.333333333334	1667806.5035231183	1.0015750604010998	12050.333333333334	30164.018213292118	1.0008563099701588	11690.333333333334	22538.908424599944	1.0008577425496754	13405.333333333334	86.36649172952787	1.0003326542658437	13105.666666666666	2081.7769224821755	1.0005831984880045	0.011412035589457137	160
6	/mnt/lustre/users/sanger-dev/sg-users/liubinxu/soft/finiance/stock_data/finiance/train/amount_normalize20_rolling_96_exp_mean_close480_close2880_down_K72_9_240_3_1000_no_1_kparent180	233.0	6.318921903381886	1.0079436101656944	291.0	3.715490147509177	1.0045205326471718	668.0	77.4530250465121	1.0065327302711589	685.0	27.43254678014124	1.0048463482916543	1295.0	1864.7725006033454	1.0058323044710455	1315.0	255.8962620099552	1.0042254589405177	2580.0	168617.5483991234	1.0046757767133057	2600.6666666666665	5559.907195053863	1.0033213211549117	4015.0	4530266.7042177	1.0038245531338925	4058.3333333333335	27176.63769921812	1.0025190063045	6678.0	86724158.52959396	1.0027408326480836	6600.333333333333	52648.193755478205	1.0016484539024604	9380.333333333334	27604488.06252618	1.001828202185594	9177.333333333334	954752.2068564395	1.0015014755479696	12064.333333333334	53879.77095379511	1.0009034424546506	11761.333333333334	17686.92710393626	1.0008319336439175	13405.333333333334	78.42815905482172	1.000325459482761	13126.666666666666	1130.3813090094823	1.0005357181254917	0.010613947106535626	180
7	/mnt/lustre/users/sanger-dev/sg-users/liubinxu/soft/finiance/stock_data/finiance/train/amount_normalize20_rolling_96_exp_mean_close480_close2880_down_K72_9_240_3_1000_no_1_kparent200	222.0	7.037402366538165	1.0088281052942611	228.0	2.506039998807952	1.0040375316663168	659.0	95.47820461953876	1.0069418868439266	715.0	28.18223855499412	1.0046804183186697	1335.0	3082.1134562336383	1.0060356477993995	1307.0	747.4391384721771	1.0050753094837537	2616.0	200836.09321143906	1.0046784344772983	2630.3333333333335	11533.247770640164	1.0035621484283042	3981.0	4433544.493111839	1.003851837899546	4025.3333333333335	127088.5331541603	1.002923934957625	6696.0	91794765.36330815	1.002741964068978	6634.333333333333	289269.0669515324	1.0018972573841423	9329.333333333334	27652244.682664655	1.0018383910881796	9084.333333333334	1245372.3146624079	1.0015461555500005	11984.333333333334	48598.57075952805	1.0009008602414722	11740.333333333334	38532.12373734855	1.0008998038785664	13405.333333333334	47.14368266632028	1.0002874791511207	13154.666666666666	1257.1861086309557	1.0005426642619368	0.01200227711223889	200
8	/mnt/lustre/users/sanger-dev/sg-users/liubinxu/soft/finiance/stock_data/finiance/train/amount_normalize20_rolling_96_exp_mean_close480_close2880_down_K72_9_240_3_1000_no_1_kparent220	201.0	6.832338693605589	1.0096063803711048	171.0	1.7656170828968794	1.0033300953616995	630.0	98.53927463647783	1.007313047492844	644.0	17.435704816982646	1.0044485614164487	1331.0	4134.715232173222	1.0062759405818729	1355.0	978.3462204271235	1.0050947525054377	2626.0	370100.03146120074	1.0048944708182581	2675.3333333333335	44491.694056741355	1.0040086578412701	3977.0	6813719.293607797	1.003964197976105	4087.3333333333335	319070.9866546645	1.0031054076973724	6664.0	121716284.38027412	1.0027976039934454	6538.666666666667	789664.9209797572	1.0020789367481866	9312.666666666666	40846382.6634374	1.001883652673374	9000.0	1223643.6987716826	1.001558696128639	12021.333333333334	63001.24808694623	1.0009196975475396	11678.666666666666	35286.37921268453	1.0008970157593176	13407.333333333334	54.3151430419554	1.0002980009644078	13158.0	1294.0703819076473	1.0005447255902156	0.012526559186550101	220
9	/mnt/lustre/users/sanger-dev/sg-users/liubinxu/soft/finiance/stock_data/finiance/train/amount_normalize20_rolling_96_exp_mean_close480_close2880_down_K72_9_240_3_1000_no_1_kparent240	259.0	12.521867560755336	1.0098063669731692	243.0	3.8843286357073334	1.005599777502238	642.0	146.2930675091746	1.0077959823045812	656.0	28.117466942782666	1.0050989173221245	1312.0	5157.757005232371	1.0065367114949368	1317.0	719.0588562949046	1.005007135786983	2679.0	525362.3934764551	1.0049288084074122	2674.3333333333335	37292.45858853261	1.0039438952698247	4020.0	10915738.713173207	1.004039409202218	4042.3333333333335	426637.3588381026	1.0032121297235685	6704.0	237762383.51526365	1.0028810489416318	6518.666666666667	1184529.4715545939	1.0021476582367779	9375.666666666666	64858827.93274899	1.001920395687975	9107.0	944273.8681153421	1.001511866603596	11950.333333333334	128660.72378661069	1.0009849706237293	11588.666666666666	71758.92021656601	1.0009652933688218	13407.333333333334	62.23075743731532	1.0003081511958996	13134.0	2422.4676943218956	1.0005934866883137	0.01263541603234053	240
10	/mnt/lustre/users/sanger-dev/sg-users/liubinxu/soft/finiance/stock_data/finiance/train/amount_normalize20_rolling_96_exp_mean_close480_close2880_down_K72_9_240_3_1000_no_1_kparent260	197.0	7.973082527797301	1.01059415726566	212.0	4.349196146653014	1.0069580152548951	629.0	139.67978564269083	1.0078836201353	637.0	30.723127399430187	1.0053912716292792	1312.0	5271.125414746449	1.0065533916763327	1275.0	533.7557287034394	1.0049375917301002	2653.0	566467.0137737459	1.005005768065312	2551.3333333333335	9624.408234005408	1.0036014754046314	4019.0	14819273.68104553	1.0041167959712827	4016.3333333333335	349954.71084222186	1.003183467749111	6706.0	399516232.38752	1.0029578051495367	6592.666666666667	504366.3957123036	1.0019937522426325	9362.666666666666	92933328.8251577	1.0019615545851077	9095.333333333334	1862883.4486782202	1.001588627985293	11911.333333333334	175973.70637893636	1.0010145140925784	11560.0	67970.5777429316	1.0009629919441818	13407.333333333334	66.8348767051456	1.0003134764804542	13126.333333333334	2799.2466672149485	1.0006048532793732	0.012301184220675943	260
11	/mnt/lustre/users/sanger-dev/sg-users/liubinxu/soft/finiance/stock_data/finiance/train/amount_normalize20_rolling_96_exp_mean_close480_close2880_down_K72_9_240_3_1000_no_1_kparent280	209.0	8.881439635473786	1.0105043745167381	195.0	4.075282957050195	1.0072308386155902	540.0	99.48079028439919	1.0085548381564062	538.0	11.829153531379744	1.0046026921955322	1172.0	3518.203002266547	1.0069916539021004	1130.0	306.5258758429795	1.0050794962141234	2662.0	1063813.0562453996	1.005226748868681	2508.6666666666665	20880.68279863982	1.0039727575183839	3972.0	27758795.422438856	1.0043242935095924	3891.6666666666665	330264.95499085437	1.0032706862263496	6670.0	1029606556.883855	1.0031161558828807	6392.0	1381832.7265449679	1.0022144196213625	9371.0	228952601.78546762	1.0020562169322358	9059.333333333334	3349311.8697729236	1.0016598054348773	12057.333333333334	160826.52922223957	1.0009947509007748	11696.666666666666	79143.75753938603	1.0009647587135395	13407.333333333334	86.50411085783806	1.0003327234275678	13080.666666666666	3088.1695712132846	1.0006144795635326	0.012473607584259083	280
12	/mnt/lustre/users/sanger-dev/sg-users/liubinxu/soft/finiance/stock_data/finiance/train/amount_normalize20_rolling_96_exp_mean_close480_close2880_down_K72_9_240_3_1000_no_1_kparent300	202.0	8.714550003050897	1.0107754335723071	189.0	3.9363801609067233	1.0072764064880297	643.0	211.8173993230396	1.008364061104999	602.0	19.340541705808032	1.004932729871317	1187.0	4471.085657083029	1.0071063327918106	1164.0	269.2032748408812	1.0048186746810515	2663.0	1349431.1552606723	1.0053145582311165	2575.6666666666665	15839.267227034303	1.0037615206835222	4000.0	41284909.192243375	1.0043936256938386	3891.6666666666665	128928.66911157721	1.0030282198251086	6680.0	1778257624.851933	1.0031935466019555	6406.333333333333	714670.5838960309	1.0021063168966744	9343.0	328798148.5146257	1.002101204184126	9034.666666666666	1350720.0860191819	1.0015636638858127	12037.333333333334	187173.12150374605	1.0010090202316149	11670.0	68552.70204691871	1.000954642021979	13407.333333333334	72.95775102193144	1.0003200164263333	13094.0	2305.3133698357096	1.000591512273114	0.012004487169442024	300
13	/mnt/lustre/users/sanger-dev/sg-users/liubinxu/soft/finiance/stock_data/finiance/train/amount_normalize20_rolling_96_exp_mean_close480_close2880_down_K72_9_240_3_1000_no_1_kparent320	237.0	11.700932518344297	1.0104323901241703	211.0	3.9348497644813825	1.0065134082684077	620.0	204.29248110340532	1.008616836746577	623.0	12.33146986978436	1.004040491620799	1315.0	11866.98911057065	1.0071597418115064	1321.0	455.1938569851526	1.004644152307158	2641.0	2538201.308192814	1.005599475750726	2575.3333333333335	39392.47137864977	1.0041171748660833	4019.0	94999286.5257664	1.0045810957529762	3947.3333333333335	352694.22718898224	1.0032411871315987	6677.0	2949578102.470983	1.003271015530902	6504.0	2941339.7341700154	1.0022926572971094	9383.0	348132581.3071953	1.0020983397536625	9083.333333333334	4687909.851544788	1.001692494586731	12048.333333333334	200697.98932620313	1.0010138950124707	11718.666666666666	210217.9337615026	1.0010463913272947	13407.333333333334	65.16731116826215	1.000311591320588	13094.666666666666	4893.624743086957	1.0006490004927495	0.011751258390616304	320
14	/mnt/lustre/users/sanger-dev/sg-users/liubinxu/soft/finiance/stock_data/finiance/train/amount_normalize20_rolling_96_exp_mean_close480_close2880_down_K72_9_240_3_1000_no_1_kparent340	251.0	14.290614525454723	1.0106523645773646	229.0	4.376624133039937	1.006467451656622	644.0	270.93352557485144	1.0087365037514955	649.0	14.789044569973539	1.004159453539708	1331.0	18312.136150214956	1.007401652473546	1348.0	686.8382356753655	1.0048575303566953	2668.0	4591486.330413174	1.0057660783236002	2667.3333333333335	68827.33461799106	1.0041849470763327	4002.0	132054744.14035378	1.0046832780347241	4055.3333333333335	678281.329507185	1.0033165143216862	6699.0	3579455316.6618714	1.0032892425497701	6561.0	2946063.5608458417	1.002272961902641	9393.0	413573895.50246847	1.002114480505978	9097.333333333334	5484812.301196688	1.0017071744686536	12050.333333333334	216443.62512315775	1.001020000807813	11725.666666666666	195085.2503337359	1.0010393883493436	13407.333333333334	61.531933029010624	1.0003073086294676	13081.666666666666	6149.5061841429515	1.0006671196399888	0.012103799784607516	340
15	/mnt/lustre/users/sanger-dev/sg-users/liubinxu/soft/finiance/stock_data/finiance/train/amount_normalize20_rolling_96_exp_mean_close480_close2880_down_K72_9_240_3_1000_no_1_kparent360	236.0	12.956647103456836	1.010913396554075	229.0	5.051328930270831	1.0070977840846969	656.0	316.7255081552575	1.0088161282809538	675.0	22.956753477123183	1.0046531809683297	1314.0	19233.85703791183	1.0075354240577694	1356.0	888.6654873665472	1.005019725613223	2664.0	7266061.744289377	1.0059480722699354	2681.3333333333335	86923.00349541007	1.004250471433325	4025.0	266736878.7767332	1.004831952751671	4026.3333333333335	381153.52414446877	1.003196826161548	6660.666666666667	8065555709.728768	1.0034305835369264	6537.0	3753049.08400105	1.0023184367022884	9360.666666666666	944795312.7646586	1.0022102388774272	9052.333333333334	4994482.102031788	1.001705305268799	12077.333333333334	319803.24844780355	1.0010500757758634	11751.0	146573.39383068608	1.0010127907636064	13407.333333333334	79.7641181769156	1.0003266711483283	13083.0	4553.048362984337	1.0006440621120416	0.012539396300115135	360
16	/mnt/lustre/users/sanger-dev/sg-users/liubinxu/soft/finiance/stock_data/finiance/train/amount_normalize20_rolling_96_exp_mean_close480_close2880_down_K72_9_240_3_1000_no_1_kparent380	239.0	14.849206226092997	1.0113524340091418	239.0	5.487823901853513	1.007148996962728	650.0	331.0074898187847	1.008966329628756	655.0	25.106692259108645	1.0049329430287774	1308.0	18908.39006121243	1.0075569743587534	1344.0	1052.8424127979886	1.005191441609369	2668.0	7849691.823640814	1.0059682585595089	2702.0	93342.8900598451	1.0042443761037403	3998.0	269140466.6806814	1.004866918713541	4025.0	478892.60599570477	1.003254783889507	6668.666666666667	9594900037.050716	1.0034525871357252	6547.0	5124605.510488939	1.0023625794011848	9391.666666666666	1049069078.8946939	1.0022141070455426	9071.666666666666	3054134.174096434	1.001647360189633	12056.333333333334	362647.62047021644	1.0010623449916536	11709.333333333334	222519.44426705252	1.001052087709673	13407.333333333334	62.908735019509905	1.0003089596339867	13067.333333333334	4605.785470255051	1.00064571640793	0.012897065689249643	380
17	/mnt/lustre/users/sanger-dev/sg-users/liubinxu/soft/finiance/stock_data/finiance/train/amount_normalize20_rolling_96_exp_mean_close480_close2880_down_K72_9_240_3_1000_no_1_kparent400	237.0	20.383586571041743	1.0128016279021348	234.0	5.872401767425919	1.0075939181779814	623.0	365.9179526945491	1.0095191940038581	627.0	26.930693624376183	1.0052662370548922	1323.0	26547.938221602322	1.0077294221670001	1373.0	1329.2304596731478	1.005252168019916	2683.0	10099455.56947388	1.0060292819498482	2690.3333333333335	104107.97468270542	1.0043035656079318	4018.0	353911736.058816	1.0049111137858766	3998.3333333333335	348281.1219505488	1.0031966194399222	6635.666666666667	12049975076.047613	1.0035042410479278	6555.333333333333	6010629.201037793	1.002383957834271	9379.666666666666	1336651652.9179726	1.0022428291192522	9046.0	3092183.8805122175	1.0016534091697071	12018.333333333334	491069.6618950862	1.001090957269184	11656.666666666666	197426.0621725926	1.001046568382508	13407.333333333334	58.2562780903591	1.0003032271981025	13049.666666666666	3350.3624423093215	1.0006221882023763	0.013207812886899206	400
18	/mnt/lustre/users/sanger-dev/sg-users/liubinxu/soft/finiance/stock_data/finiance/train/amount_normalize20_rolling_96_exp_mean_close480_close2880_down_K72_9_240_3_1000_no_1_kparent420	233.0	23.7310262351231	1.0136841268969623	254.0	7.214946577080715	1.007810480867504	647.0	526.524490488257	1.0097322118928784	663.0	40.29963573002863	1.0055907473411752	1308.0	30464.574528133388	1.0079244443659912	1327.0	686.4309407854723	1.004934141742817	2652.0	11495978.36642949	1.0061491106191494	2685.3333333333335	119238.06944695683	1.0043623464475413	4024.0	502232961.0901307	1.0049911857080076	3976.3333333333335	425585.06670584646	1.0032649091887127	6695.666666666667	14117790421.601757	1.003496520516428	6501.333333333333	9429244.614322295	1.002473212279457	9363.666666666666	1601418427.3048923	1.0022660097126865	8941.0	4917268.739852705	1.001724812455672	12050.333333333334	620225.3669469139	1.0011074566979663	11590.0	221444.42754699517	1.0010625077154398	13407.333333333334	49.54091772432554	1.0002911367196026	13017.666666666666	1714.528983500096	1.0005722242173456	0.013353986288949016	420
19	/mnt/lustre/users/sanger-dev/sg-users/liubinxu/soft/finiance/stock_data/finiance/train/amount_normalize20_rolling_96_exp_mean_close480_close2880_down_K72_9_240_3_1000_no_1_kparent440	237.0	25.609349096609957	1.013777410612939	267.0	7.019253897972666	1.0073250383598138	665.0	698.4410918179233	1.0098965460968456	689.0	44.39974405389312	1.005520601688954	1319.0	41870.786869358446	1.008101132068983	1348.0	837.0721219863019	1.0050049983792917	2671.0	17070773.680943195	1.0062541742070934	2699.3333333333335	93941.10018723454	1.0042509546850582	3995.0	712590647.8196257	1.005115522357944	3946.3333333333335	647502.1241329056	1.0033964663471264	6663.666666666667	23191389114.908318	1.0035880906244543	6513.333333333333	18818811.604590908	1.0025750139994765	9377.666666666666	2562562240.1085577	1.0023128692787682	8966.0	9790499.620752929	1.0017969419292259	12068.333333333334	674360.3266428708	1.0011127456849618	11575.0	363078.213934801	1.0011066484763007	13407.333333333334	52.546177632834784	1.000295530634642	13009.666666666666	2626.147538691874	1.0006053695546913	0.013293926814533896	440
20	/mnt/lustre/users/sanger-dev/sg-users/liubinxu/soft/finiance/stock_data/finiance/train/amount_normalize20_rolling_96_exp_mean_close480_close2880_down_K72_9_240_3_1000_no_1_kparent460	253.0	34.42841054445606	1.0140859616005504	298.0	7.902341923202433	1.006960890866641	663.0	865.5157294899531	1.0102533028813123	717.0	55.68718904639059	1.0056220910230336	1325.0	61515.9254304075	1.0083570295523154	1360.0	1244.0135799777129	1.0052535297258018	2683.0	31534989.360989965	1.006456313003672	2767.3333333333335	218215.14224418486	1.0044521496567427	4021.0	1180283616.8937256	1.00520849881074	4050.3333333333335	1164260.730807952	1.0034544584610323	6679.666666666667	34019485792.824482	1.0036370485855506	6574.333333333333	20945098.47879985	1.0025674156003028	9388.666666666666	3327839904.3318224	1.0023380541309366	9013.0	10212992.583608981	1.0017922589283217	12063.333333333334	793287.618529221	1.0011266862764967	11558.0	412238.40542086633	1.0011192759582237	13407.333333333334	57.12885506493325	1.0003017691568616	12981.666666666666	2796.319237891004	1.0006115151266959	0.01383088041165803	460
21	/mnt/lustre/users/sanger-dev/sg-users/liubinxu/soft/finiance/stock_data/finiance/train/amount_normalize20_rolling_96_exp_mean_close480_close2880_down_K72_9_240_3_1000_no_1_kparent480	266.0	39.972063176658125	1.0139619109664177	299.0	7.913198116504682	1.0069421530679312	668.0	947.9010727077699	1.0103136765803724	699.0	54.16149877386571	1.005727311945559	1314.0	64939.787305137324	1.0084688526721142	1348.0	1206.9560540673388	1.00527786786355	2680.0	35649701.50239277	1.0065096227079986	2850.3333333333335	261593.94951098412	1.004386113744376	4009.0	1426020371.6991863	1.005271554521897	4077.3333333333335	1675502.819663036	1.003521134944023	6698.666666666667	48520783358.87006	1.0036799118641944	6576.333333333333	30619884.03102542	1.0026245278497992	9377.666666666666	4498151741.246985	1.002373009743451	8974.0	35236420.900496975	1.0019383136801703	12075.333333333334	914494.2738418926	1.001137354171596	11563.0	778190.1643800952	1.0011738031482416	13407.333333333334	61.25770894511878	1.00030697538301	12950.666666666666	3122.4700087405113	1.0006215031249244	0.013873511587492948	480
22	/mnt/lustre/users/sanger-dev/sg-users/liubinxu/soft/finiance/stock_data/finiance/train/amount_normalize20_rolling_96_exp_mean_close480_close2880_down_K72_9_240_3_1000_no_1_kparent500	266.0	41.08535316619061	1.0140666323288736	317.0	8.144517471840517	1.0066381658796018	623.0	760.4607057190863	1.0107052493266224	689.0	35.57081148153359	1.0051970945703264	1341.0	92957.46619967355	1.0085673620509097	1373.0	1659.9601215116224	1.0054148617396634	2671.0	42898844.25765768	1.006601385014818	2832.3333333333335	330383.96777335403	1.0044968444402447	4003.0	1754858080.4311512	1.0053315879852447	4063.3333333333335	1453661.8600972681	1.0034982118984095	6680.666666666667	63796888695.94722	1.0037309678833868	6537.0	40592291.40896651	1.0026835834799752	9368.666666666666	5793451170.282746	1.002402368087174	8949.666666666666	53935980.77820902	1.0019912504644104	12067.666666666666	1021820.2089369175	1.0011472832746766	11565.666666666666	670394.9044544098	1.0011606253547511	13407.333333333334	60.47216347270039	1.000306012439371	12941.333333333334	3676.854923997687	1.0006345882193044	0.013787406595915375	500
23	/mnt/lustre/users/sanger-dev/sg-users/liubinxu/soft/finiance/stock_data/finiance/train/amount_normalize20_rolling_96_exp_mean_close480_close2880_down_K72_9_240_3_1000_no_1_kparent520	267.0	42.060902832420176	1.014102707660593	312.0	8.331953589817623	1.0068183254053977	629.0	816.5439639681783	1.010716925033774	687.0	39.369082162854795	1.005360723342101	1240.0	53071.72629310491	1.0088123111569973	1289.0	916.2598471678921	1.0053051788222216	2655.0	46046297.85618484	1.0066681442517067	2747.6666666666665	258403.53434814926	1.004545887068908	4024.0	2295574594.3606963	1.0053707949975854	3979.6666666666665	1401943.2601890448	1.0035627525105462	6689.666666666667	75324361185.16228	1.0037508610924073	6443.333333333333	26827852.816316184	1.0026582010342702	9347.666666666666	7393136071.829116	1.0024339186899098	8834.0	44067530.69169378	1.0019944283648516	12068.666666666666	1078951.9007470056	1.0011517012561786	11536.666666666666	748776.9965678641	1.0011731403348363	13407.333333333334	57.2660284299104	1.0003019480864095	12906.333333333334	3575.4406956047496	1.0006341411968556	0.013874685883731641	520
24	/mnt/lustre/users/sanger-dev/sg-users/liubinxu/soft/finiance/stock_data/finiance/train/amount_normalize20_rolling_96_exp_mean_close480_close2880_down_K72_9_240_3_1000_no_1_kparent540	263.0	41.50273795074547	1.0142672043068335	306.0	8.166323688157496	1.006886409656944	638.0	907.7427975485984	1.0107326739134221	682.0	42.467699842952285	1.0055118262917624	1232.0	52120.40853520539	1.0088549752726441	1267.0	1087.2696948281762	1.005533346618085	2643.0	52691238.392097935	1.0067498670635036	2680.6666666666665	222165.6136245477	1.0046031429090907	4021.0	3303345471.775084	1.0054658163602932	3963.6666666666665	827243.7047536139	1.0034436049628064	6690.666666666667	107761809596.4992	1.0038040268723079	6494.333333333333	61505504.85176469	1.0027653991747185	9389.666666666666	8500100205.033498	1.0024379142228623	8874.0	57200632.04506214	1.00201488217917	12054.666666666666	1383231.6173802277	1.0011736723764064	11542.666666666666	1131657.0338536543	1.0012083527972946	13407.333333333334	61.517587578275	1.0003072912332311	12880.333333333334	4721.730101974795	1.000657025655386	0.014036417842012372	540
25	/mnt/lustre/users/sanger-dev/sg-users/liubinxu/soft/finiance/stock_data/finiance/train/amount_normalize20_rolling_96_exp_mean_close480_close2880_down_K72_9_240_3_1000_no_1_kparent560	268.0	43.88685107123707	1.0142105258675804	306.0	8.169451160856031	1.00688766957736	666.0	1169.1681746686124	1.0106631286179686	704.0	50.830963745098515	1.0055958624395098	1265.0	69483.5043744997	1.0088522675495435	1283.0	1316.0236933965637	1.005613804768357	2678.0	66967547.115738906	1.0067514863376392	2699.6666666666665	266960.295482872	1.0046390226530328	4014.0	3428140455.5123124	1.0054846630767615	3897.6666666666665	858847.8446034841	1.0035116711610605	6699.666666666667	106974973441.76407	1.003797809035135	6473.0	47317087.08533312	1.0027338990111305	9338.666666666666	9879816805.40245	1.0024673907889872	8804.0	85670171.38513903	1.002076894252212	12062.333333333334	1341820.33091123	1.0011704031574868	11530.666666666666	1325269.618892557	1.0012233245322046	13407.333333333334	57.79017508462314	1.0003026278605414	12846.333333333334	4792.56817398383	1.0006599250966235	0.014252691964023012	560
26	/mnt/lustre/users/sanger-dev/sg-users/liubinxu/soft/finiance/stock_data/finiance/train/amount_normalize20_rolling_96_exp_mean_close480_close2880_down_K72_9_240_3_1000_no_1_kparent580	261.0	44.84115331671465	1.0146780450745927	280.0	8.945108390687333	1.0078560798725682	665.0	1536.5503972602187	1.0110946204293214	708.0	65.75293281403533	1.0059298062810103	1320.0	142982.65949648604	1.0090333434369427	1347.0	2013.3247913633654	1.0056637461590459	2654.0	80668738.44351336	1.0068833642915764	2659.6666666666665	193738.7248883205	1.0045878573794786	4008.0	4740714940.730537	1.0055742244516055	3891.6666666666665	467535.6015647559	1.0033602963347388	6690.666666666667	161296713686.49307	1.0038645393381167	6496.0	23751961.547914524	1.002617825659931	9391.666666666666	14199183614.133844	1.0024921633210275	8894.0	37734160.82409411	1.0019634808054192	12056.333333333334	2087689.611420259	1.0012076933599643	11540.666666666666	574788.4235677336	1.0011497931926514	13407.333333333334	75.78887633594493	1.0003228569053224	12832.333333333334	4220.012893807351	1.0006507241466827	0.014299268500379103	580
27	/mnt/lustre/users/sanger-dev/sg-users/liubinxu/soft/finiance/stock_data/finiance/train/amount_normalize20_rolling_96_exp_mean_close480_close2880_down_K72_9_240_3_1000_no_1_kparent600	266.0	66.40350684171705	1.01589855400213	274.0	8.770282099959708	1.0079561878586296	667.0	2617.886028877986	1.011869170125334	707.0	108.69234663852085	1.0066536095320875	1318.0	261273.16973638246	1.0095087489152035	1349.0	2099.046299792852	1.0056864093213715	2663.0	166741614.75096378	1.007134589485732	2681.6666666666665	177478.8456035887	1.0045172972997058	4012.0	9424822793.572378	1.0057408958967309	3887.6666666666665	438769.9269738143	1.0033473709414933	6709.666666666667	323721220389.6356	1.0039578063274353	6503.0	26996738.43957695	1.002634746825692	9386.666666666666	24939338491.0626	1.0025536505066488	8897.0	40122414.0162855	1.001969729403112	12052.333333333334	3432445.882439264	1.0012493997843372	11523.666666666666	859996.0993751378	1.0011864963187596	13407.333333333334	86.64564680518788	1.0003328454043172	12823.333333333334	4577.957563899058	1.0006575341128825	0.014576512933525687	600
28	/mnt/lustre/users/sanger-dev/sg-users/liubinxu/soft/finiance/stock_data/finiance/train/amount_normalize20_rolling_96_exp_mean_close480_close2880_down_K72_9_240_3_1000_no_1_kparent620	245.0	55.7434799380712	1.0165466717005642	279.0	7.675734193156982	1.0073316344918097	664.0	3058.7271158316826	1.0121603218477988	704.0	92.24634314929048	1.0064474896752034	1336.0	368327.1415931466	1.0096395221449717	1364.0	1684.7434333990252	1.0054616116655	2649.0	209937365.79090932	1.0072600208924276	2644.6666666666665	144090.3559744539	1.0045014786603694	4023.0	14152691917.316397	1.0058267959470277	3898.6666666666665	370143.93165390403	1.0032941399936515	6678.666666666667	415366388449.8319	1.0040136872018577	6497.0	27790962.65595078	1.0026416578092965	9350.666666666666	34641065415.16253	1.0025987265130771	8868.0	31083926.683461122	1.0019473380586696	12075.333333333334	3515455.5009027845	1.001248999938635	11564.666666666666	760776.7158469481	1.001171674678757	13407.333333333334	94.66763629611329	1.0003394518769213	12804.333333333334	3611.6817130933255	1.0006399825468644	0.01424103624309725	620
29	/mnt/lustre/users/sanger-dev/sg-users/liubinxu/soft/finiance/stock_data/finiance/train/amount_normalize20_rolling_96_exp_mean_close480_close2880_down_K72_9_240_3_1000_no_1_kparent640	254.0	69.08880975788905	1.0168145747238564	281.0	8.432603254670994	1.007616422680862	657.0	3455.3938426792965	1.0124785729569867	680.0	114.64566127092128	1.0069976732767123	1339.0	485874.077895637	1.0098266869221368	1357.0	2280.4847999570175	1.005714232855621	2661.0	302923416.01876557	1.0073659629892326	2662.6666666666665	284584.68610179966	1.0047277604971798	3989.0	18077961906.879044	1.0059383344021322	3892.6666666666665	743565.0545554972	1.0034790327495164	6707.666666666667	648220880149.8495	1.0040629196380269	6531.0	51367310.325115375	1.0027221967894178	9342.666666666666	49982194799.46977	1.002640299720156	8877.0	88374374.02787177	1.0020633054364967	12077.333333333334	3879654.4283724744	1.001256965349842	11543.666666666666	1172651.777295247	1.0012113344034734	13407.333333333334	103.78500106399471	1.0003463123610563	12787.333333333334	5431.774066800988	1.000672768390251	0.01506517337479496	640
30	/mnt/lustre/users/sanger-dev/sg-users/liubinxu/soft/finiance/stock_data/finiance/train/amount_normalize20_rolling_96_exp_mean_close480_close2880_down_K72_9_240_3_1000_no_1_kparent660	254.0	69.08880975788905	1.0168145747238564	279.0	8.287240981306034	1.0076084293041405	654.0	3393.2244900122664	1.012508062638078	683.0	110.69673598395809	1.0069151533890985	1341.0	546579.9381298715	1.0099006183099444	1334.0	1620.2978826035112	1.00555537816502	2659.6666666666665	383992541.4190664	1.0074594930593268	2640.6666666666665	96481.01322805688	1.004355748203585	4015.6666666666665	28271273640.60067	1.0060107989783367	3884.6666666666665	530991.5629069323	1.003399234755693	6679.666666666667	1005179189783.4459	1.004145930879208	6519.0	58638406.045228384	1.002747578159906	9369.666666666666	68813834299.41881	1.0026668965420198	8976.0	77019086.69970506	1.0020251722092328	12065.333333333334	4494245.476051926	1.0012704196569533	11556.666666666666	1084011.5190772673	1.0012031615592412	13417.333333333334	82.38524289153347	1.0003288381901108	12789.333333333334	3446.8747828517103	1.000637079144597	0.014538160812757384	660
31	/mnt/lustre/users/sanger-dev/sg-users/liubinxu/soft/finiance/stock_data/finiance/train/amount_normalize20_rolling_96_exp_mean_close480_close2880_down_K72_9_240_3_1000_no_1_kparent680	257.0	73.24076576304762	1.0168475527955692	267.0	7.117808932248368	1.0073776432797505	670.0	4831.223333842313	1.012741467111368	698.0	175.94779497101493	1.0074346459327337	1324.0	714935.6415641153	1.0102332345192269	1353.0	2762.1154806256877	1.00587361416209	2675.6666666666665	646166586.3083225	1.0076106893241097	2666.6666666666665	170088.6529844889	1.0045267430366778	4004.6666666666665	41342294558.70852	1.006122834835692	3897.6666666666665	739583.3180758491	1.0034731796791536	6684.666666666667	1526782037372.558	1.004205615041001	6533.0	98589313.42121796	1.002821433883556	9354.666666666666	96409624687.16713	1.0027073218071714	8966.0	114413468.34709291	1.0020716643919705	12067.333333333334	4694376.683436246	1.0012738239312782	11541.666666666666	1683250.6150749368	1.0012429006313341	13417.333333333334	73.12254736348156	1.0003199460911938	12768.333333333334	4292.98570071186	1.0006553305003527	0.015297203093053824	680
32	/mnt/lustre/users/sanger-dev/sg-users/liubinxu/soft/finiance/stock_data/finiance/train/amount_normalize20_rolling_96_exp_mean_close480_close2880_down_K72_9_240_3_1000_no_1_kparent700	266.0	84.57819735464912	1.0168229326969598	279.0	8.076837999484393	1.007515557939621	665.0	5024.192456296306	1.0128975325591691	693.0	201.6387427284595	1.0076866467186267	1334.0	890283.360164301	1.0103222472379134	1339.0	2974.4274768548926	1.0059908437726168	2665.6666666666665	879802263.286899	1.0077560235158052	2695.6666666666665	182232.26612128373	1.0045036329600143	4001.6666666666665	59627680903.45817	1.0062195244126981	3935.6666666666665	646470.7252299108	1.0034052808662546	6673.666666666667	1966250337142.0693	1.0042506271166687	6531.0	40179979.83088672	1.0026844847764265	9364.666666666666	126606666434.99713	1.0027336025299816	9011.0	66733321.22354921	1.0020013580507803	12060.333333333334	6478251.734708784	1.0013013043168497	11520.666666666666	1070045.754197596	1.0012057965786205	13417.333333333334	64.73939086915023	1.0003108678840569	12753.333333333334	3757.476165374726	1.0006456476595234	0.015483314149867367	700
33	/mnt/lustre/users/sanger-dev/sg-users/liubinxu/soft/finiance/stock_data/finiance/train/amount_normalize20_rolling_96_exp_mean_close480_close2880_down_K72_9_240_3_1000_no_1_kparent720	263.0	82.9245405299242	1.0169401002922143	275.0	9.520229437240271	1.0082279154860054	620.0	3723.9922799010437	1.0133505127156006	654.0	107.0064104756694	1.0071706768806932	1341.0	1117980.3494444855	1.0104396759029104	1338.0	2121.659440351978	1.005741346831863	2679.6666666666665	1154611282.0245657	1.0078175725104779	2693.0	118637.25629915594	1.0043480164189984	4024.6666666666665	79820742937.41014	1.0062567914223006	3935.0	389538.92182479013	1.0032766956949908	6691.666666666667	2421749594446.4907	1.00427043910364	6507.333333333333	24007346.277873777	1.0026149082273623	9355.666666666666	150442582975.33575	1.002754724057773	8956.0	29435078.85066455	1.0019220880006559	12052.333333333334	7732887.601695862	1.0013168764639298	11468.666666666666	1064800.2593604545	1.001210838075982	13417.333333333334	62.59197015968251	1.0003083529814971	12737.333333333334	3759.696076645484	1.0006465053513571	0.014688628656448821	720
34	/mnt/lustre/users/sanger-dev/sg-users/liubinxu/soft/finiance/stock_data/finiance/train/amount_normalize20_rolling_96_exp_mean_close480_close2880_down_K72_9_240_3_1000_no_1_kparent740	253.0	85.80709549125935	1.0177529835633077	253.0	9.245027491756789	1.008829606140096	649.0	6528.073668542131	1.013626469542084	707.0	126.738785463753	1.0068723444909424	1339.0	1546879.2809565056	1.010700421731728	1387.0	3249.947881209934	1.0058471611332327	2656.0	1717055058.9212878	1.0080381111271646	2700.0	138086.38465249888	1.004393190314049	4025.6666666666665	154359314057.9146	1.0064200943248967	3926.0	691943.1487975405	1.0034310532445057	6702.666666666667	5700717961781.672	1.0043916941079203	6536.333333333333	25732014.232709393	1.0026139330695825	9391.666666666666	289470208305.57	1.002814030219734	9043.0	12304120.503963044	1.0018069434816579	12074.333333333334	9491252.980364783	1.0013314668372835	11504.666666666666	653477.1612599443	1.0011645585652382	13417.333333333334	68.00369660989148	1.0003145353496627	12723.333333333334	3186.5623245459033	1.0006342092499687	0.014887844562368135	740
35	/mnt/lustre/users/sanger-dev/sg-users/liubinxu/soft/finiance/stock_data/finiance/train/amount_normalize20_rolling_96_exp_mean_close480_close2880_down_K72_9_240_3_1000_no_1_kparent760	253.0	85.80709549125935	1.0177529835633077	252.0	8.63673929327551	1.0085923594377924	664.0	7569.315739386677	1.0135424730163605	699.0	109.1871522825574	1.006736556879877	1332.0	1664516.9519042387	1.01081257660045	1349.0	1829.4886363333603	1.0055839473936294	2684.0	2483890297.997802	1.0080925887133787	2696.0	119448.36854426745	1.0043457059261238	4011.6666666666665	203356143999.20776	1.0065117349353176	3915.0	759123.4747416049	1.003464459887365	6692.666666666667	7481829278573.286	1.0044390743166585	6517.0	30723723.48867442	1.002648975063036	9365.666666666666	389409232461.1587	1.0028536096709255	8997.666666666666	15304721.394799916	1.0018403538361809	12068.333333333334	11299569.679765427	1.001346599142612	11435.0	893657.1759448308	1.0011990635153334	13417.333333333334	69.40843710949405	1.000316059707214	12692.666666666666	4033.664647118038	1.0006543263724705	0.014472249343409849	760
36	/mnt/lustre/users/sanger-dev/sg-users/liubinxu/soft/finiance/stock_data/finiance/train/amount_normalize20_rolling_96_exp_mean_close480_close2880_down_K72_9_240_3_1000_no_1_kparent780	261.0	96.51489663331184	1.0176625898421183	255.0	8.19808251564958	1.0082847192740405	654.0	7429.564169776099	1.013722075728109	668.0	83.2626602079499	1.0066417198103692	1331.0	1883347.1117216998	1.0109145516575455	1360.0	1307.4849328837104	1.0052903126864836	2659.0	2996900480.1830044	1.008240174968716	2634.0	102120.68472423517	1.0043884586755298	4018.6666666666665	310950537629.2273	1.0066067236945582	3864.0	704927.5039271117	1.003491030393176	6688.666666666667	11764190578979.787	1.0045097018771418	6451.0	36676969.548924886	1.0027036420005957	9373.666666666666	531288982030.8212	1.0028844092357205	8950.666666666666	14425701.638048206	1.0018434058369439	12073.333333333334	11698613.12726074	1.00134891953702	11404.0	760399.6033736628	1.001188148236548	13417.333333333334	62.20286853744992	1.0003078880752247	12643.666666666666	3928.0403351839213	1.0006547629920917	0.014198991188053345	780
37	/mnt/lustre/users/sanger-dev/sg-users/liubinxu/soft/finiance/stock_data/finiance/train/amount_normalize20_rolling_96_exp_mean_close480_close2880_down_K72_9_240_3_1000_no_1_kparent800	268.0	110.20064413528006	1.0177007393974018	254.0	8.015814610216948	1.0082282200691048	669.0	9251.840612167247	1.01374468942232	669.0	79.65266083502537	1.0065650667208985	1339.0	2284040.3349448624	1.0109946217042491	1335.0	937.8448322772341	1.0051394423897135	2663.0	3951638725.1294165	1.0083324565045466	2591.0	71085.42274689546	1.0043210176173782	4016.6666666666665	414494242763.08405	1.0066820579244846	3843.0	703604.4310827355	1.003509649936744	6676.666666666667	13620183565594.797	1.0045398658037017	6395.0	25252995.391807754	1.002668833407126	9371.666666666666	585777722721.8413	1.0028954738235547	8895.666666666666	12153917.0763774	1.0018355149345377	12072.333333333334	12638031.787422353	1.0013554381311354	11348.0	580387.436491278	1.0011701810574827	13417.333333333334	57.7604077627706	1.0003023638648818	12590.666666666666	3428.9066979021836	1.0006467194169546	0.013989125344943898	800
38	/mnt/lustre/users/sanger-dev/sg-users/liubinxu/soft/finiance/stock_data/finiance/train/amount_normalize20_rolling_96_exp_mean_close480_close2880_down_K72_9_240_3_1000_no_1_kparent820	268.0	110.20064413528006	1.0177007393974018	253.0	8.277259419119904	1.0083887924483081	655.0	8558.32099888992	1.0139198993610095	660.0	109.68389220766629	1.0071429697507661	1338.0	2508123.6381343175	1.011073602954502	1324.0	876.0660434662957	1.005130519201229	2679.0	4692925981.496909	1.0083471954190237	2602.0	62118.76342773924	1.004250670135825	4002.6666666666665	461227303369.0562	1.0067323772431374	3795.0	481275.2755027388	1.0034536959461138	6702.666666666667	16112297971443.93	1.0045473984822109	6405.0	19213820.1014575	1.002621876144673	9389.666666666666	620166718179.7299	1.0028960083696281	8868.666666666666	5815580.196088143	1.0017578445364466	12072.333333333334	13861658.444975834	1.0013631037245012	11285.0	458631.82111389376	1.0011558294445855	13417.333333333334	58.97942542382046	1.0003039209133606	12536.666666666666	2729.8495251257077	1.0006313080797888	0.014196791879289794	820
39	/mnt/lustre/users/sanger-dev/sg-users/liubinxu/soft/finiance/stock_data/finiance/train/amount_normalize20_rolling_96_exp_mean_close480_close2880_down_K72_9_240_3_1000_no_1_kparent840	263.0	112.2245286923766	1.018110720748297	256.0	14.35313419939559	1.0104604583175707	657.0	9811.413176560674	1.0140881198126876	652.0	190.8635727157817	1.0080870632395398	1330.0	2688113.472384045	1.0111932714582452	1300.0	1591.4163888818548	1.0056871722239806	2669.0	5255122511.282492	1.0084213498430448	2578.0	122636.15384657984	1.0045553313781823	4020.6666666666665	558318740105.9586	1.0067499703438292	3814.0	621144.6389207108	1.0035035850406693	6674.666666666667	20796117982717.496	1.0046049251216271	6334.0	22545706.503859323	1.002676618898527	9381.666666666666	851489993448.9243	1.0029323692015621	8854.666666666666	6670892.2467984045	1.0017761498201536	12070.333333333334	16174147.817474883	1.0013761296205648	11259.0	467245.3726987049	1.0011601546355497	13417.333333333334	59.687380468752	1.0003048104780412	12513.666666666666	3728.82793468066	1.0006574054081159	0.015488701334196553	840
40	/mnt/lustre/users/sanger-dev/sg-users/liubinxu/soft/finiance/stock_data/finiance/train/amount_normalize20_rolling_96_exp_mean_close480_close2880_down_K72_9_240_3_1000_no_1_kparent860	263.0	112.2245286923766	1.018110720748297	252.0	13.464451444231551	1.0103710812759437	668.0	11297.000498223502	1.0140685412388375	653.0	246.87155581620667	1.008471930702505	1330.0	3029974.7686953004	1.0112842940921238	1276.0	2638.958935329785	1.0061931897175453	2634.0	5224821793.662679	1.0085315128591184	2532.0	102959.59490302819	1.0045688938276056	4005.6666666666665	634068563207.8569	1.0068073098375019	3766.0	745867.1525911324	1.0035970814236623	6692.666666666667	26720129225519.68	1.0046301359975118	6312.0	17686092.53667975	1.0026473969716925	9372.666666666666	1071331039707.9297	1.002959765495433	8800.666666666666	5121059.575435833	1.0017569622940723	12075.333333333334	17005636.183916625	1.0013797166320308	11213.0	431446.25477682304	1.0011577996919083	13419.333333333334	53.59030449718565	1.0002967329850878	12490.666666666666	3107.0599523994624	1.0006440025575418	0.016341121368669387	860
41	/mnt/lustre/users/sanger-dev/sg-users/liubinxu/soft/finiance/stock_data/finiance/train/amount_normalize20_rolling_96_exp_mean_close480_close2880_down_K72_9_240_3_1000_no_1_kparent880	264.0	114.11414129271391	1.0181058960204807	250.0	12.588846157568264	1.010182739601021	665.0	11092.656565123329	1.0141046176574335	652.0	232.55321264036863	1.008392566359634	1338.0	3273515.05964442	1.011274877587132	1273.0	2355.967894542729	1.0061181741439014	2634.0	5890693561.845428	1.008577442695137	2543.0	109319.46817594868	1.0045727629849557	4015.6666666666665	772772717026.8201	1.0068399002935156	3755.0	650325.1141572216	1.0035710020856718	6690.666666666667	33554614638885.695	1.0046657225342404	6263.0	21170156.88720134	1.0026969246119708	9390.666666666666	1415683072753.4578	1.0029838514748095	8785.666666666666	7478762.442039892	1.0018031464115342	12065.333333333334	19818753.849073198	1.0013935664667155	11154.0	621153.1555826794	1.0011966391026315	13419.333333333334	52.58280445631528	1.0002953182628769	12470.666666666666	3917.847927660314	1.000663640761996	0.016135479727359958	880
42	/mnt/lustre/users/sanger-dev/sg-users/liubinxu/soft/finiance/stock_data/finiance/train/amount_normalize20_rolling_96_exp_mean_close480_close2880_down_K72_9_240_3_1000_no_1_kparent900	266.0	133.54885829604942	1.0185705810972803	261.0	14.689946667145358	1.0103488275689823	667.0	13171.22588129682	1.0143231817067817	656.0	248.56377573143965	1.008443525607486	1335.0	3839351.0558651714	1.0114211437943148	1266.0	2836.6042339167475	1.006299667483648	2651.0	7874810431.76348	1.008632647996623	2546.0	111219.52273799894	1.0045741615024866	3997.6666666666665	957068582859.9684	1.0069246761550208	3718.0	728721.2590120463	1.0036373270427228	6699.666666666667	46589957479835.26	1.004708658818022	6244.333333333333	19645133.622266915	1.0026929924058408	9374.666666666666	2041896530993.966	1.0030281391005111	8705.0	8368834.903315464	1.0018328119827935	12073.333333333334	20256531.971917674	1.0013944546067435	11107.333333333334	573175.6342849393	1.0011944238904238	13419.333333333334	49.40288558553934	1.0002906683599992	12428.0	3449.4433727087444	1.0006556677171068	0.016438081822726547	900
43	/mnt/lustre/users/sanger-dev/sg-users/liubinxu/soft/finiance/stock_data/finiance/train/amount_normalize20_rolling_96_exp_mean_close480_close2880_down_K72_9_240_3_1000_no_1_kparent920	260.0	128.0755014248134	1.0188391825196514	251.0	11.859830064871305	1.0099019181535653	659.0	13030.917475908936	1.0144818268704388	643.0	191.8308075792319	1.0082086457495767	1336.0	4176474.029528922	1.0114762644066464	1259.0	2528.218363051562	1.0062428132053574	2672.0	9532692528.557098	1.0086366306322099	2556.0	86111.21976684542	1.0044556697976221	4010.6666666666665	1142559017139.7012	1.0069466292733646	3712.0	664364.9059617678	1.0036182182687905	6704.666666666667	58093416131613.96	1.0047382069907826	6218.333333333333	15413712.815415993	1.0026651536048805	9389.666666666666	2487847403063.037	1.0030443960582696	8746.0	5859767.382676895	1.001783388081395	12068.333333333334	22922024.48126162	1.001405290496649	11106.333333333334	569192.2224384398	1.0011939028205072	13419.333333333334	49.34648673805781	1.0002905832145998	12413.0	2927.4181020853975	1.0006432323326337	0.016169710982340213	920
44	/mnt/lustre/users/sanger-dev/sg-users/liubinxu/soft/finiance/stock_data/finiance/train/amount_normalize20_rolling_96_exp_mean_close480_close2880_down_K72_9_240_3_1000_no_1_kparent940	266.0	139.79181129880766	1.0187455408386854	254.0	12.58029251269074	1.010018877897537	664.0	14493.818651300604	1.0145345501638128	644.0	217.1174261349667	1.0083897159756623	1338.0	4633814.369161943	1.0115375680658736	1260.0	2873.302299820575	1.0063400271359861	2678.6666666666665	10928568877.557089	1.0086664996317223	2558.0	98687.29246757386	1.0045057072805315	4024.6666666666665	1364616990553.4421	1.00696681679276	3704.0	701772.4816025732	1.0036408896755844	6705.666666666667	67265871508580.86	1.004759464739648	6178.333333333333	20077766.429658834	1.0027253347677187	9392.666666666666	2830118669440.406	1.0030571876245484	8756.0	4388751.918088335	1.0017482778800568	12073.333333333334	24142144.997618977	1.0014090096375543	11075.0	409042.2563371599	1.0011674144194138	13419.333333333334	51.39049055465404	1.0002936085831646	12384.0	3232.519664099505	1.0006527498666413	0.016396857546688515	940
45	/mnt/lustre/users/sanger-dev/sg-users/liubinxu/soft/finiance/stock_data/finiance/train/amount_normalize20_rolling_96_exp_mean_close480_close2880_down_K72_9_240_3_1000_no_1_kparent960	266.0	139.79181129880766	1.0187455408386854	254.0	12.58029251269074	1.010018877897537	665.0	14685.99428061	1.0145326310551523	638.0	211.71858168118263	1.0084291481258307	1341.0	4849065.5566008445	1.0115458588588149	1255.0	3373.49746210982	1.0064940675662473	2666.6666666666665	12511326362.805262	1.0087568312433106	2534.0	129883.28601340896	1.0046573753641945	4025.6666666666665	1789030056742.7488	1.007032819301727	3671.0	850750.0581416102	1.0037263135926011	6679.666666666667	88398363440818.47	1.0048191312917447	6111.333333333333	24997340.593331207	1.0027912144848128	9366.666666666666	3908896974567.0894	1.0031002702710206	8678.0	6888503.981604626	1.0018160471686233	12067.333333333334	31203778.09789906	1.0014310032755855	11012.0	551470.6059026433	1.0012012606945766	13419.333333333334	53.02770560596442	1.0002959463015457	12351.0	3994.6250689211975	1.0006716451760775	0.016741572469686883	960
46	/mnt/lustre/users/sanger-dev/sg-users/liubinxu/soft/finiance/stock_data/finiance/train/amount_normalize20_rolling_96_exp_mean_close480_close2880_down_K72_9_240_3_1000_no_1_kparent980	267.0	145.42224344443528	1.0188253467373831	282.0	14.72724633795601	1.009583571792174	669.0	15886.573797146237	1.0145642775207033	650.0	266.5934384789526	1.008630452213733	1336.0	4910560.756126659	1.0115988609308129	1255.0	4552.92172381236	1.0067345474305647	2677.6666666666665	14039649767.1934	1.0087641192099719	2527.0	204997.3098582712	1.0048517604038965	4015.6666666666665	1941348110179.2476	1.007070885578949	3624.0	1622358.6208690777	1.003953542943623	6697.666666666667	101478280978997.56	1.0048268509191531	6071.333333333333	49565982.64010562	1.0029227016800493	9386.666666666666	4676674002546.066	1.0031128186269975	8624.0	12705993.162519384	1.0018985514020495	12052.333333333334	43467406.6456236	1.0014603280633383	10940.0	995243.8111851071	1.0012632051268626	13419.333333333334	55.94107047712518	1.0002999331042635	12280.0	4627.592248197017	1.0006875157077753	0.017448771907737304	980
