	precision	recall	thresholds
0	0.34351304612227057	1.0	0.199361190199852
1	0.34374881138032026	0.999944678026112	0.20691551268100739
2	0.3436465349925791	0.9991148484177915	0.20712211728096008
3	0.34391393090818917	0.9973998672272627	0.2083839327096939
4	0.3444159620461415	0.9960168178800619	0.20943373441696167
5	0.34520316784597976	0.9959061739322859	0.21068993210792542
6	0.3453157369753702	0.9959061739322859	0.21339064836502075
7	0.3453171162183939	0.9957955299845098	0.21546873450279236
8	0.3455027064378671	0.9957955299845098	0.21567533910274506
9	0.3455624028105742	0.9957955299845098	0.2159382551908493
10	0.34577444476492647	0.9947997344545253	0.216144859790802
11	0.3471251496312314	0.9946337685328612	0.21686694025993347
12	0.3471519598378065	0.9946337685328612	0.21698805689811707
13	0.34704087151355945	0.993969904846205	0.2169976532459259
14	0.3469935852847979	0.9935273290551007	0.21719466149806976
15	0.34735922330097085	0.9896547908829387	0.2182442545890808
16	0.34723247232472326	0.9891015711440584	0.2184508591890335
17	0.34733365711510444	0.9891015711440584	0.2184564769268036
18	0.34782016613816313	0.9891015711440584	0.21971267461776733
19	0.3479216937806492	0.9891015711440584	0.22000834345817566
20	0.3479090042228579	0.9890462491701704	0.22021494805812836
21	0.34797672110088174	0.9890462491701704	0.2207624465227127
22	0.34799026763990265	0.9890462491701704	0.2208860069513321
23	0.34807834585880615	0.9890462491701704	0.22094497084617615
24	0.3480919003115265	0.9890462491701704	0.22115157544612885
25	0.34815290841463653	0.9890462491701704	0.22147676348686218
26	0.34835490410104475	0.9887143173268422	0.2217782884836197
27	0.3485315339911853	0.9887143173268422	0.22241339087486267
28	0.34855225161944897	0.988271741535738	0.22346319258213043
29	0.3485726550761966	0.988271741535738	0.22442126274108887
30	0.34853451976739647	0.9881057756140739	0.22462786734104156
31	0.3486161533356755	0.9881057756140739	0.22554127871990204
32	0.34862295785919234	0.9881057756140739	0.22555087506771088
33	0.34868421052631576	0.9881057756140739	0.22574788331985474
34	0.3486978251532545	0.9881057756140739	0.22601079940795898
35	0.34852007424050013	0.9868886921885373	0.22602039575576782
36	0.3484380498103765	0.9860588625802169	0.22621740400791168
37	0.34975524406786324	0.9842332374419119	0.22693949937820435
38	0.3497896268333923	0.9842332374419119	0.22707019746303558
39	0.3500029509551258	0.9842332374419119	0.22726699709892273
40	0.3500511569337321	0.9842332374419119	0.22747360169887543
41	0.3503613698576183	0.9842332374419119	0.2283167690038681
42	0.35021279949558637	0.9832927638858154	0.22832639515399933
43	0.3499566348655681	0.9821863244080549	0.2284403294324875
44	0.3495371740975388	0.9797521575569816	0.2285233736038208
45	0.34941757156959524	0.9790882938703253	0.22856156527996063
46	0.3495832181092719	0.9790882938703253	0.22864693403244019
47	0.35059871901977163	0.9751051117503873	0.22876816987991333
48	0.3506335912789194	0.9751051117503873	0.22903108596801758
49	0.35072948388766145	0.9748285018809472	0.22923769056797028
50	0.351396090945353	0.974717857933171	0.22953921556472778
51	0.35140798690801683	0.9741093162204028	0.22978520393371582
52	0.3517589947459896	0.9741093162204028	0.2299087643623352
53	0.3517915309446254	0.9738880283248507	0.22996771335601807
54	0.3518603674750585	0.9736114184554104	0.23008085787296295
55	0.35184481551844815	0.9733348085859703	0.23017431795597076
56	0.35197486894233465	0.9731688426643063	0.23028746247291565
57	0.3520165004605711	0.9725049789776499	0.23041102290153503
58	0.3520587999679564	0.9725049789776499	0.23044130206108093
59	0.3517046600766593	0.9644832927638858	0.2308010309934616
60	0.35202504797495204	0.9640960389466696	0.23095855116844177
61	0.35204638196436505	0.9640960389466696	0.23101751506328583
62	0.352020202020202	0.9639853949988936	0.23122411966323853
63	0.35195474290332357	0.9637087851294535	0.23154929280281067
64	0.35214684240316974	0.9637087851294535	0.23167285323143005
65	0.35216108033800997	0.9637087851294535	0.23248593509197235
66	0.35222516529510484	0.9637087851294535	0.23403780162334442
67	0.3522405564992316	0.9636534631555654	0.23449382185935974
68	0.35226192642925036	0.9636534631555654	0.23450340330600739
69	0.3524709596470636	0.9635428192077893	0.23470042645931244
70	0.35264223527029764	0.9635428192077893	0.23487108945846558
71	0.35272079223961605	0.9635428192077893	0.2360929399728775
72	0.3528279718013127	0.9635428192077893	0.23686999082565308
73	0.3527361873695727	0.9631555653905731	0.23699355125427246
74	0.35319416550017246	0.9631555653905731	0.23707659542560577
75	0.35320133084476185	0.9631555653905731	0.23720015585422516
76	0.3534236008201214	0.9631555653905731	0.23733952641487122
77	0.353437950425303	0.9631555653905731	0.23734913766384125
78	0.35344512566486663	0.9631555653905731	0.2374630868434906
79	0.3543483576493602	0.9620491259128126	0.2375461310148239
80	0.3549901992812806	0.9618278380172605	0.2376696914434433
81	0.35941835478689005	0.953086966142952	0.23772071301937103
82	0.35950835750506044	0.953086966142952	0.23788583278656006
83	0.35942815402274864	0.9527550342996238	0.23799562454223633
84	0.35932606789427535	0.9521464925868555	0.23809243738651276
85	0.35934857500782963	0.9521464925868555	0.23820222914218903
86	0.36037543963727275	0.9409714538614737	0.238355353474617
87	0.3604020015265881	0.9403629121487055	0.23839890956878662
88	0.3603733559609673	0.9398096924098251	0.23851287364959717
89	0.3603611258629846	0.9384819650365125	0.238522469997406
90	0.3602324492315552	0.9362137641071033	0.2385619580745697
91	0.360633715723485	0.9356605443682231	0.23871947824954987
92	0.3624113475177305	0.9328944456738216	0.2387576401233673
93	0.3624166845839604	0.9325071918566055	0.23884068429470062
94	0.3624790331598641	0.9325071918566055	0.2389945238828659
95	0.3625258086717137	0.9325071918566055	0.23910361528396606
96	0.36259763733780903	0.9322305819871654	0.2391132265329361
97	0.3626229367077711	0.9321752600132773	0.23931021988391876
98	0.3628181387537143	0.9321752600132773	0.23943378031253815
99	0.3639410912393763	0.9310134985616286	0.23954574763774872
100	0.36416947978879943	0.9310134985616286	0.2395707368850708
101	0.36419312255188385	0.9310134985616286	0.23998130857944489
102	0.3644299081614971	0.9307922106660765	0.24004025757312775
103	0.36453298072962953	0.9303496348749724	0.24004985392093658
104	0.36467143786597267	0.9302389909271963	0.24016299843788147
105	0.36482381530984204	0.9301836689533083	0.24024686217308044
106	0.3648950715076282	0.9301836689533083	0.24027696251869202
107	0.36492325061334374	0.92985173710998	0.24032698571681976
108	0.36497079451935815	0.92985173710998	0.2403712272644043
109	0.3649432151310504	0.929741093162204	0.24048356711864471
110	0.36541978749346804	0.9284686877627794	0.24066132307052612
111	0.36537833424060967	0.9283027218411153	0.24109965562820435
112	0.3653410575834132	0.9280261119716752	0.2412964552640915
113	0.36534901448328433	0.9280261119716752	0.2415030598640442
114	0.3653728872625893	0.9280261119716752	0.24154457449913025
115	0.3653888041820954	0.9280261119716752	0.24175117909908295
116	0.3654206421818499	0.9280261119716752	0.24177004396915436
117	0.36550026146069375	0.9280261119716752	0.24212975800037384
118	0.36577920237238615	0.9280261119716752	0.24234622716903687
119	0.3657377120676872	0.9278601460500111	0.24242541193962097
120	0.3656132085759777	0.9273622482850188	0.24246978759765625
121	0.365544018846523	0.9270856384155787	0.24263201653957367
122	0.3655541012216405	0.9270303164416906	0.24267639219760895
123	0.3654295127751958	0.9265324186766983	0.24288946390151978
124	0.36562097496015894	0.9265324186766983	0.24301302433013916
125	0.3657748170798296	0.9264770967028103	0.24306054413318634
126	0.365894690845532	0.9264770967028103	0.24326714873313904
127	0.36594266235468925	0.9264770967028103	0.243303120136261
128	0.3658318034793251	0.9260345209117061	0.2435341477394104
129	0.36579022140624656	0.9258685549900421	0.24381467700004578
130	0.3659661936104612	0.9258685549900421	0.2442338615655899
131	0.3659245976207138	0.925702589068378	0.24457596242427826
132	0.3659646129956477	0.925702589068378	0.24506720900535583
133	0.36592300962379704	0.9255366231467139	0.2453080713748932
134	0.36588140079182796	0.9253706572250497	0.24594609439373016
135	0.3663381515549715	0.9253706572250497	0.24602913856506348
136	0.36649065533182884	0.9253706572250497	0.24615269899368286
137	0.3672550827734598	0.9253706572250497	0.24636605381965637
138	0.36733214732819397	0.9252600132772737	0.2469521313905716
139	0.3673043554657471	0.9251493693294977	0.24704498052597046
140	0.36740119076389044	0.9251493693294977	0.24706609547138214
141	0.3676224821884071	0.9248727594600575	0.24707569181919098
142	0.36767907805317906	0.9248727594600575	0.24727270007133484
143	0.36796689266531657	0.9247621155122815	0.2473066747188568
144	0.36813126307675365	0.9247067935383935	0.24753563106060028
145	0.3684233737596472	0.9243195397211772	0.24754522740840912
146	0.3688102964876261	0.9242088957734012	0.24774223566055298
147	0.37137774975795373	0.9124806373091392	0.24779322743415833
148	0.37141120043234477	0.9124806373091392	0.2479167878627777
149	0.371469753614702	0.9124806373091392	0.2479470670223236
150	0.37153669414785784	0.9124806373091392	0.24796797335147858
151	0.3715025906735751	0.9123146713874751	0.24807776510715485
152	0.3718102028383836	0.9116508077008187	0.24808791279792786
153	0.3718997063474136	0.9108209780924983	0.2485232800245285
154	0.3718571396299727	0.9106550121708342	0.24853286147117615
155	0.3719831872005785	0.9106550121708342	0.24856850504875183
156	0.37341815290241964	0.9092719628236335	0.24859501421451569
157	0.37342275775832673	0.9086634211108653	0.248830184340477
158	0.373431247726446	0.9086634211108653	0.24883978068828583
159	0.3733312106256681	0.908110201371985	0.248989999294281
160	0.3739844840606907	0.9040716972781588	0.24918575584888458
161	0.37410714285714286	0.9040163753042708	0.24929971992969513
162	0.37406066715542524	0.9032418676698385	0.24934974312782288
163	0.3738052123684874	0.902190750165966	0.24950632452964783
164	0.37439207099227845	0.8985948218632441	0.24953097105026245
165	0.37501732661830617	0.8980416021243638	0.24953803420066833
166	0.3756530218950986	0.8950542155344102	0.24968408048152924
167	0.37567046694685025	0.8950542155344102	0.2500978112220764
168	0.3760109696011899	0.8950542155344102	0.25035911798477173
169	0.3760896348125247	0.8950542155344102	0.25056734681129456
170	0.37618881525404024	0.8949988935605222	0.25063997507095337
171	0.37613377366389134	0.8947222836910821	0.25077393651008606
172	0.37651030147829123	0.8947222836910821	0.2508574426174164
173	0.3766418258034467	0.8947222836910821	0.25097864866256714
174	0.3766681416959732	0.8947222836910821	0.2510230243206024
175	0.37703695069355403	0.8947222836910821	0.2510640323162079
176	0.37784657238678204	0.8912923213100243	0.2510884702205658
177	0.37785596997419657	0.8911263553883603	0.25118523836135864
178	0.37788256269500553	0.8911263553883603	0.2512950599193573
179	0.37882142352442416	0.8897986280150476	0.25136899948120117
180	0.3788749646659757	0.8897986280150476	0.25149255990982056
181	0.37937789106013403	0.8893007302500553	0.2515755891799927
182	0.3793640677005878	0.8890794423545032	0.25162672996520996
183	0.3793290682027432	0.8889134764328391	0.25169914960861206
184	0.3809885210131866	0.888692188537287	0.2519661486148834
185	0.38180391410838704	0.8882496127461827	0.2520873546600342
186	0.3817961280502307	0.8880836468245187	0.2523258626461029
187	0.3816606773126443	0.8871984952423102	0.2524283826351166
188	0.3816788442773163	0.8871984952423102	0.2525423467159271
189	0.3817060979673442	0.8871984952423102	0.25255194306373596
190	0.38168175321581704	0.8864239876078779	0.25274893641471863
191	0.3818363796678026	0.8864239876078779	0.25278711318969727
192	0.3818615182934096	0.8863133436601018	0.25282812118530273
193	0.38170286831501393	0.8856494799734455	0.25308555364608765
194	0.3819305277221109	0.8856494799734455	0.253133088350296
195	0.38190103545354775	0.8855388360256694	0.25314268469810486
196	0.38194659858264335	0.8855388360256694	0.2532566487789154
197	0.38194096451666787	0.8854835140517814	0.2533396780490875
198	0.3819591934136738	0.8854835140517814	0.2534632384777069
199	0.382095965624254	0.8854835140517814	0.2539721727371216
200	0.3821233318213288	0.8854835140517814	0.25401076674461365
201	0.3821324547581531	0.8854835140517814	0.25408995151519775
202	0.3824794494360543	0.8854835140517814	0.2554504871368408
203	0.38244993547770395	0.8853728701040053	0.2556532919406891
204	0.38244783824478384	0.8852622261562293	0.2557079792022705
205	0.38253156082631984	0.8850962602345652	0.2558598816394806
206	0.3825407072663367	0.8850962602345652	0.25601863861083984
207	0.3826779563719862	0.8850962602345652	0.2560282349586487
208	0.3828753351206434	0.884874972339013	0.2561228275299072
209	0.3827971424461811	0.8833812790440363	0.25622522830963135
210	0.38322893416852666	0.8833812790440363	0.25632941722869873
211	0.38494198248618916	0.8827727373312679	0.25643453001976013
212	0.38502389803505044	0.8823854835140518	0.2565443217754364
213	0.3849181436229294	0.8818875857490596	0.25664111971855164
214	0.38489590880548713	0.8816662978535074	0.2566438615322113
215	0.38488105301292114	0.8816109758796193	0.2567509114742279
216	0.3845459645357204	0.8722062403186546	0.25690406560897827
217	0.38463039765796536	0.8722062403186546	0.25691890716552734
218	0.38473364406159255	0.8722062403186546	0.2570514976978302
219	0.38483694590900214	0.8722062403186546	0.2571106553077698
220	0.3848484108176777	0.8714870546581102	0.25729894638061523
221	0.38444329719497505	0.865125027660987	0.2576177716255188
222	0.3847327492863471	0.8649037397654348	0.25779232382774353
223	0.38471196454948303	0.8645164859482186	0.2579893171787262
224	0.38474985227496555	0.8645164859482186	0.2580912411212921
225	0.3846722159286805	0.8641292321310025	0.25809445977211
226	0.38471011280232503	0.8641292321310025	0.25840088725090027
227	0.38425697662952374	0.8623036069926975	0.25863540172576904
228	0.38427021696252467	0.8622482850188095	0.2586424648761749
229	0.3842094881151987	0.8620269971232574	0.2590503394603729
230	0.38437060608303114	0.8620269971232574	0.25945889949798584
231	0.38432108212178806	0.861363133436601	0.2595204710960388
232	0.38427926037475	0.8611418455410489	0.25961723923683167
233	0.38433618922989554	0.8611418455410489	0.2596416771411896
234	0.3843000716102427	0.8609758796193848	0.2597270607948303
235	0.3868962219033955	0.8503540606328834	0.2598482668399811
236	0.386890527852594	0.8502987386589953	0.2598801851272583
237	0.38711708988311166	0.8501327727373312	0.25989723205566406
238	0.38727318548387096	0.8501327727373312	0.25993117690086365
239	0.3873651305838459	0.8500774507634432	0.2600867748260498
240	0.38896534148827727	0.8443792874529763	0.26013776659965515
241	0.3890049954123764	0.8443792874529763	0.26017996668815613
242	0.3890942463099396	0.8443792874529763	0.26064950227737427
243	0.38911408540471637	0.8443792874529763	0.26083606481552124
244	0.3890928560501759	0.8442686435052003	0.26084646582603455
245	0.38911269760326367	0.8442686435052003	0.26086676120758057
246	0.3896944124792226	0.8430515600796636	0.2609395980834961
247	0.3896934650222609	0.8425536623146714	0.2610398828983307
248	0.38962401781372374	0.8421664084974552	0.26107057929039
249	0.38966391071748535	0.8421664084974552	0.2610955536365509
250	0.38972376539259107	0.8421664084974552	0.2611706256866455
251	0.38967556909840473	0.841889798628015	0.26118069887161255
252	0.38943403960954115	0.8408940030980305	0.26128455996513367
253	0.38935014350143504	0.8405620712547024	0.26149114966392517
254	0.3890644672268044	0.8376853286125249	0.26156508922576904
255	0.38947909967845656	0.8376300066386368	0.26157471537590027
256	0.389563919065026	0.8371874308475327	0.26164427399635315
257	0.38939101326123343	0.8365788891347643	0.2616613209247589
258	0.3893123873293845	0.8363022792653242	0.26177167892456055
259	0.3898444954483328	0.8363022792653242	0.26185086369514465
260	0.3900020656889073	0.8355830936047798	0.26185181736946106
261	0.3900227343184871	0.8351958397875636	0.2620828449726105
262	0.39003281060273337	0.8351958397875636	0.26231878995895386
263	0.3901336020880172	0.8351958397875636	0.26262450218200684
264	0.39016384969245876	0.8351958397875636	0.2626308500766754
265	0.3902949768620253	0.8351958397875636	0.262635201215744
266	0.39008174668874174	0.8342000442575791	0.26270368695259094
267	0.3902937750744144	0.8342000442575791	0.26275911927223206
268	0.39018328673501085	0.8338127904403629	0.262869268655777
269	0.390193388044632	0.8338127904403629	0.26321524381637573
270	0.3902034898772847	0.8338127904403629	0.2633291780948639
271	0.3902944299142865	0.8338127904403629	0.2635357677936554
272	0.39027864097783305	0.8337574684664749	0.264127254486084
273	0.39050111416282324	0.8337574684664749	0.26416826248168945
274	0.3905415910857735	0.8337574684664749	0.2643885910511017
275	0.39055171162766594	0.8337574684664749	0.2644047737121582
276	0.38994233466673595	0.8304934720070812	0.26447322964668274
277	0.38992517925802767	0.8303275060854172	0.2645967900753021
278	0.38997011822788097	0.8302721841115291	0.2646058201789856
279	0.39002079002079004	0.8302721841115291	0.26480337977409363
280	0.390152598331037	0.8302721841115291	0.2648124098777771
281	0.39016274112202987	0.8302721841115291	0.26538708806037903
282	0.3900676027041082	0.8299402522682009	0.2654627859592438
283	0.39000780640124905	0.8291657446337686	0.26559367775917053
284	0.39007554050533993	0.8284465589732242	0.2658553719520569
285	0.3903068540292515	0.8282252710776721	0.26610079407691956
286	0.39035968595946685	0.827948661208232	0.26620498299598694
287	0.3907724480460071	0.8270081876521355	0.2664033770561218
288	0.3907961825075173	0.8268422217304714	0.2664957642555237
289	0.3909699696557497	0.8268422217304714	0.26651668548583984
290	0.3909369194945187	0.8266209338349192	0.2666264772415161
291	0.39079977994917875	0.8252932064616065	0.26664766669273376
292	0.39076665094586804	0.8250719185660544	0.2668328881263733
293	0.3907871292317367	0.8250719185660544	0.266986221075058
294	0.3908588201378515	0.8250719185660544	0.2670437693595886
295	0.3908564238341154	0.8248506306705023	0.2671172022819519
296	0.3912906528073077	0.8246846647488383	0.26721981167793274
297	0.39084025659901145	0.8224164638194291	0.26745155453681946
298	0.3907441493557718	0.8220845319761009	0.26765814423561096
299	0.3907795076793604	0.8220292100022129	0.26766520738601685
300	0.3911520737327189	0.8217526001327727	0.26789090037345886
301	0.3911623742560699	0.8217526001327727	0.2680736780166626
302	0.39118297693036974	0.8217526001327727	0.2680796682834625
303	0.3910990344536485	0.82014826289002	0.2682802677154541
304	0.3912228848894284	0.82014826289002	0.26842108368873596
305	0.39119075266547026	0.8200376189422438	0.2685697674751282
306	0.3911930093191478	0.8197610090728037	0.2685942053794861
307	0.39120333702941024	0.8197610090728037	0.26859697699546814
308	0.3913204257904329	0.8195950431511396	0.26862767338752747
309	0.3930392078362292	0.8146713874751051	0.26874610781669617
310	0.3930535533130439	0.8145054215534411	0.2688007950782776
311	0.3932110140747269	0.8145054215534411	0.2688314914703369
312	0.3931073204641463	0.8133989820756805	0.26893115043640137
313	0.3931847968545216	0.8132330161540163	0.26895269751548767
314	0.3932058312157282	0.8132330161540163	0.26913249492645264
315	0.39323648232870484	0.8131223722062403	0.2692156434059143
316	0.39336759274128796	0.8130670502323523	0.26940613985061646
317	0.3936204403021051	0.8130670502323523	0.2694222331047058
318	0.39398975953676646	0.8130670502323523	0.26960262656211853
319	0.39408972674371834	0.8130117282584642	0.26961272954940796
320	0.39485754370818044	0.8096370878512945	0.2696549892425537
321	0.39488950648930143	0.8096370878512945	0.2697366774082184
322	0.39494278929188253	0.8096370878512945	0.2698437571525574
323	0.3948413234301148	0.808751936269086	0.269962340593338
324	0.39493027780780454	0.8084753263996459	0.26997119188308716
325	0.39495162423652774	0.8084753263996459	0.26999789476394653
326	0.39493527201967515	0.8084200044257579	0.2700480818748474
327	0.39485280203292694	0.8080327506085417	0.27005770802497864
328	0.3948634766153014	0.8080327506085417	0.27009332180023193
329	0.39554083045922384	0.8057645496791326	0.2702546715736389
330	0.3955515724295258	0.8057645496791326	0.270333856344223
331	0.39558380184144054	0.8057645496791326	0.2703917622566223
332	0.39538180529429406	0.8023345872980748	0.2705148458480835
333	0.395475137819988	0.8016707236114184	0.27059558033943176
334	0.3956256996969118	0.8015600796636424	0.270874559879303
335	0.3956581103222283	0.8015600796636424	0.27127131819725037
336	0.3957121398334016	0.8015600796636424	0.2713667154312134
337	0.39569445962189925	0.8012834697942023	0.27164724469184875
338	0.39583504140362386	0.8012834697942023	0.27172642946243286
339	0.3958674975401771	0.8012834697942023	0.2718217968940735
340	0.3960190299119593	0.8012834697942023	0.2718574106693268
341	0.3959142372695947	0.800896215976986	0.27225416898727417
342	0.39592506495282376	0.800896215976986	0.27227893471717834
343	0.39584245076586433	0.8006196061075459	0.27240094542503357
344	0.39588576430681693	0.8006196061075459	0.272957980632782
345	0.3959615858163014	0.8006196061075459	0.27319100499153137
346	0.39599408964045313	0.8006196061075459	0.2732236981391907
347	0.396875601639209	0.7982960832042487	0.2735092043876648
348	0.39690835075365827	0.7982960832042487	0.2737827003002167
349	0.3968694982394366	0.7981301172825847	0.27397099137306213
350	0.39672013867870015	0.7976322195175923	0.27401599287986755
351	0.39652087748754505	0.7969683558309361	0.2741495966911316
352	0.3964378131365964	0.796691745961496	0.2742566764354706
353	0.39654697653926646	0.796691745961496	0.27440857887268066
354	0.39655789618614895	0.796691745961496	0.2746715247631073
355	0.3962695613841746	0.7956959504315114	0.27467894554138184
356	0.39631323707704175	0.7956959504315114	0.2746879756450653
357	0.39633507853403144	0.7956959504315114	0.2748046815395355
358	0.396072374227714	0.7944235450320868	0.2748781144618988
359	0.39700840522008407	0.7943682230581988	0.27542611956596375
360	0.39718372202395774	0.7942575791104226	0.27546924352645874
361	0.39708364461415013	0.7939256472670945	0.275566428899765
362	0.39706696181516327	0.7938703252932064	0.2756001949310303
363	0.3970889368531739	0.7938703252932064	0.27565181255340576
364	0.39695501730103805	0.7933171055543262	0.27573350071907043
365	0.3968113129072508	0.7917127683115733	0.2757730185985565
366	0.39669421487603307	0.7913255144943572	0.2761482000350952
367	0.39671621921455513	0.7913255144943572	0.2765280604362488
368	0.39689234184239736	0.7913255144943572	0.27669206261634827
369	0.39690292501526336	0.7912148705465811	0.276791512966156
370	0.3968135009853721	0.7908829387032529	0.2767963409423828
371	0.3969677616416294	0.7908829387032529	0.2769435942173004
372	0.3969898086695732	0.7908829387032529	0.27694958448410034
373	0.3969060712103538	0.7906063288338128	0.2771501839160919
374	0.3967385265029448	0.7900531090949325	0.2771781086921692
375	0.396748645268862	0.7898318211993804	0.2772327959537506
376	0.3967706972737126	0.7898318211993804	0.2772909998893738
377	0.3966811207471648	0.7894998893560522	0.2773846983909607
378	0.3970674160429593	0.7894998893560522	0.2774159014225006
379	0.3969899665551839	0.7880061960610755	0.2774975895881653
380	0.3958965711073637	0.779265324186767	0.27758607268333435
381	0.39581985428563393	0.7784354945784465	0.27764764428138733
382	0.3968083604010733	0.7772184111529099	0.2776986360549927
383	0.39687561795530946	0.7772184111529099	0.27773210406303406
384	0.39686352076857867	0.7769971232573578	0.27775880694389343
385	0.3968971656257948	0.7769971232573578	0.27785423398017883
386	0.40106951871657753	0.7592940916131887	0.2779052257537842
387	0.40113985094256904	0.7592940916131887	0.27795934677124023
388	0.4011927034611787	0.7592387696393007	0.2780691683292389
389	0.40123384597391965	0.7591834476654127	0.27816593647003174
390	0.40142163458725794	0.7591834476654127	0.2782757580280304
391	0.40474348291870016	0.7524341668510732	0.27828988432884216
392	0.40474985863515966	0.7523788448771852	0.2784288823604584
393	0.4048179138254474	0.7521022350077451	0.27855560183525085
394	0.40518527358434275	0.7513277273733127	0.2786354720592499
395	0.4074666023340671	0.7475105111750387	0.2786763608455658
396	0.40777402221149206	0.7475105111750387	0.2787383794784546
397	0.40737042752110375	0.7448550564284133	0.2787594199180603
398	0.40738275340393343	0.7448550564284133	0.2789449691772461
399	0.40737154269805725	0.7447444124806373	0.27894818782806396
400	0.4073961990073841	0.7447444124806373	0.27896323800086975
401	0.4074825195992372	0.7447444124806373	0.2789939343929291
402	0.4074814478267454	0.7442465147156451	0.27914878726005554
403	0.40749379051311563	0.7442465147156451	0.279297798871994
404	0.4076790205763811	0.7442465147156451	0.2794117331504822
405	0.40765663362735294	0.744025226820093	0.27941545844078064
406	0.4076813483282306	0.744025226820093	0.27948829531669617
407	0.4077581496995083	0.7431953972117725	0.2794961929321289
408	0.40778290432248665	0.7431953972117725	0.27958858013153076
409	0.4078695691775207	0.7431953972117725	0.2796183228492737
410	0.4093254755870408	0.7415910599690196	0.27983325719833374
411	0.4092533211177279	0.7413697720734675	0.27993711829185486
412	0.40931582162492364	0.7413697720734675	0.28003984689712524
413	0.4094257159448638	0.7410931622040274	0.2801302373409271
414	0.4094076655052265	0.7410378402301394	0.2801365852355957
415	0.409353507565337	0.7408718743084753	0.2801409363746643
416	0.4093660206639359	0.7408718743084753	0.280210018157959
417	0.4093299095133284	0.7407612303606993	0.2802598774433136
418	0.4095427435387674	0.7407612303606993	0.2803995609283447
419	0.4095928543024074	0.7407612303606993	0.2807580232620239
420	0.4092675909772595	0.7397654348307148	0.28076237440109253
421	0.4092342549217721	0.7394335029873866	0.2813534736633301
422	0.40899901984807646	0.7387143173268422	0.28136250376701355
423	0.409174480603052	0.7387143173268422	0.28151440620422363
424	0.40921209892433574	0.7387143173268422	0.28173190355300903
425	0.409319435928878	0.7386589953529542	0.28177690505981445
426	0.4093655125885492	0.7384930294312901	0.2819105088710785
427	0.4095539056268025	0.7384930294312901	0.2820624113082886
428	0.4095357898935354	0.7384377074574021	0.28235483169555664
429	0.40951767304860087	0.7383823854835141	0.2825319468975067
430	0.40958197777914185	0.738271741535738	0.2827068567276001
431	0.4095638562352291	0.7382164195618499	0.28276026248931885
432	0.4094572975633768	0.736280150475769	0.28296852111816406
433	0.4098860486603018	0.736280150475769	0.28315451741218567
434	0.40986787397209645	0.736224828501881	0.2833611071109772
435	0.4099057475512844	0.736224828501881	0.2835899591445923
436	0.40987091407621923	0.7360035406063289	0.2845524251461029
437	0.41080359084272977	0.7316331046691746	0.2845572531223297
438	0.41085415889593435	0.7312458508519584	0.2846708595752716
439	0.41061600174134766	0.7305266651914141	0.28468024730682373
440	0.4105793450881612	0.730416021243638	0.284753680229187
441	0.4104925786476647	0.7298074795308697	0.2849600613117218
442	0.41047423450336074	0.7297521575569816	0.2852793335914612
443	0.41046797646106425	0.7293095817658775	0.28534698486328125
444	0.4099694494669244	0.7275392786014605	0.28538158535957336
445	0.41022521679455987	0.7275392786014605	0.2855307161808014
446	0.4101516191426967	0.7273179907059084	0.2855854034423828
447	0.4102028081123245	0.7273179907059084	0.2857373058795929
448	0.4102796155286481	0.7273179907059084	0.2857625186443329
449	0.4102884255212885	0.7271520247842443	0.2857685089111328
450	0.4102035718746097	0.7268200929409161	0.28578218817710876
451	0.41021637992943455	0.7268200929409161	0.28584420680999756
452	0.40903225806451615	0.7190196946227041	0.2859691083431244
453	0.4090837556262	0.7190196946227041	0.28600025177001953
454	0.40928987561014013	0.7190196946227041	0.286048024892807
455	0.40934143806494283	0.7190196946227041	0.28605079650878906
456	0.4092659218582339	0.7174153573799513	0.2860690653324127
457	0.40927883856714536	0.7174153573799513	0.2861027121543884
458	0.4093046744310829	0.7174153573799513	0.28610992431640625
459	0.4091554853985793	0.7169727815888471	0.28613340854644775
460	0.4090535759413697	0.7163642398760788	0.28620684146881104
461	0.40993572491530256	0.7162535959283027	0.2862546145915985
462	0.4100006333523339	0.7162535959283027	0.28631651401519775
463	0.40741692910855454	0.7013719849524231	0.2863372266292572
464	0.40800823998970004	0.7012613410046471	0.2865482568740845
465	0.40796548504459257	0.7009847311352069	0.2866020202636719
466	0.4079404945904173	0.7008740871874308	0.28672415018081665
467	0.4079799053231572	0.7008740871874308	0.286754846572876
468	0.409186547114233	0.6993250719185661	0.2868289649486542
469	0.40895396676277174	0.6983845983624696	0.28691187500953674
470	0.40909974722924364	0.6983845983624696	0.2869390845298767
471	0.4090614467202489	0.6982739544146935	0.2870583236217499
472	0.40907175047822847	0.6979973445452534	0.28710880875587463
473	0.4091779443741278	0.6974994467802611	0.28711846470832825
474	0.40949689824287894	0.6974994467802611	0.2871456742286682
475	0.4095046157846834	0.6969462270413809	0.28724241256713867
476	0.40975181342094136	0.6968909050674928	0.287380188703537
477	0.4097863317566465	0.6949546359814118	0.28739431500434875
478	0.41013418655522543	0.6949546359814118	0.28747984766960144
479	0.4107616273361045	0.6942907722947554	0.2876909077167511
480	0.4107458581625303	0.6940141624253153	0.28772979974746704
481	0.41090277322493934	0.6934609426864351	0.2877643406391144
482	0.41084483493426877	0.6932949767647709	0.2877807915210724
483	0.41087177469591163	0.6932949767647709	0.2877821624279022
484	0.4108987179907538	0.6932949767647709	0.2878428101539612
485	0.41079627443263805	0.6929630449214428	0.2878638505935669
486	0.4108771239257364	0.6929630449214428	0.2878974974155426
487	0.41127574990964944	0.6925204691303386	0.2879709303379059
488	0.41151708488177063	0.6922438592608984	0.2880207896232605
489	0.4113669349518406	0.6899203363576012	0.28810131549835205
490	0.41146194199742653	0.6899203363576012	0.28812506794929504
491	0.4111698612029081	0.6883159991148484	0.2883123457431793
492	0.4110336165008429	0.6879287452976323	0.28845667839050293
493	0.41099467786188887	0.6878181013498562	0.2885110378265381
494	0.41126658066223415	0.6878181013498562	0.2885189354419708
495	0.4112855155970594	0.6870989156893118	0.288642019033432
496	0.4114022592506708	0.6870435937154238	0.28875604271888733
497	0.4113242553755425	0.6868223058198717	0.2888205349445343
498	0.4111291552049846	0.6862690860809914	0.28902435302734375
499	0.4111096380750365	0.6862137641071033	0.28978487849235535
500	0.4110901196513208	0.6861584421332153	0.2898957431316376
501	0.41090257974666755	0.6855499004204471	0.28991541266441345
502	0.41085939832166907	0.6852732905510068	0.2901304364204407
503	0.4108475700779565	0.6851626466032308	0.29026034474372864
504	0.41094299555378594	0.6851626466032308	0.29028233885765076
505	0.41153015451071606	0.6851626466032308	0.29040610790252686
506	0.41137368298600724	0.6847200708121266	0.29067474603652954
507	0.4114010304138275	0.6847200708121266	0.29072943329811096
508	0.41187828750249683	0.6844434609426865	0.2907518744468689
509	0.4122213707393463	0.6844434609426865	0.2909584641456604
510	0.4124753863097821	0.6837242752821421	0.2913508713245392
511	0.4123352732624256	0.6820092940916131	0.2914767265319824
512	0.4123156169515336	0.6819539721177251	0.2915501594543457
513	0.4122959593256623	0.6818986501438371	0.2916286289691925
514	0.4121976514669968	0.681622040274397	0.291660875082016
515	0.41215244086057484	0.6814560743527329	0.2916630804538727
516	0.412193816088877	0.6814560743527329	0.29186469316482544
517	0.4122372472887937	0.6813454304049569	0.29207295179367065
518	0.41232005356545026	0.6813454304049569	0.2926168143749237
519	0.41311365164761266	0.679685771188316	0.29263582825660706
520	0.41314143520075325	0.679685771188316	0.29272109270095825
521	0.41316922249125637	0.679685771188316	0.2928336560726166
522	0.41379542622343474	0.679685771188316	0.2931056320667267
523	0.41377334322119597	0.6790772294755477	0.29315754771232605
524	0.4138291416627335	0.6790772294755477	0.2932392358779907
525	0.4135325665328701	0.6782473998672273	0.29357239603996277
526	0.4136581415750051	0.6782473998672273	0.29365408420562744
527	0.41370001687194197	0.6782473998672273	0.2936568558216095
528	0.4137861193626789	0.6781367559194512	0.29368355870246887
529	0.41380008776963845	0.6781367559194512	0.2937789857387543
530	0.41387697192852074	0.6778048240761231	0.2937846779823303
531	0.4138536915019429	0.6775835361805709	0.29386067390441895
532	0.41398213318895505	0.6768090285461386	0.29420050978660583
533	0.41413080311758727	0.6760898428855941	0.29460111260414124
534	0.4141448371683215	0.6760898428855941	0.29466313123703003
535	0.4117769238757919	0.6580548793980969	0.2946898341178894
536	0.4119337858429145	0.6580548793980969	0.2947150468826294
537	0.41194805194805195	0.6580548793980969	0.29479673504829407
538	0.4104970455335419	0.6533525116176145	0.2948192358016968
539	0.4105113142618791	0.6533525116176145	0.29486972093582153
540	0.40967606520674454	0.6478756362026997	0.2948906123638153
541	0.4096903970613958	0.6478756362026997	0.2949216365814209
542	0.4097333986425023	0.6478756362026997	0.29494863748550415
543	0.4099964924587864	0.6466585527771631	0.2949753403663635
544	0.4099344020766829	0.646492586855499	0.29500332474708557
545	0.4095519864750634	0.6432839123699934	0.295073539018631
546	0.4094479867545003	0.6430073025005533	0.29515522718429565
547	0.4097112027927642	0.6427860146050011	0.295207142829895
548	0.40979790498359964	0.6427860146050011	0.29521435499191284
549	0.4097770880361174	0.642730692631113	0.29522255063056946
550	0.4097643572738818	0.642620048683337	0.29523783922195435
551	0.4097018874581055	0.6424540827616729	0.29524075984954834
552	0.41052408082380837	0.6417902190750165	0.29542094469070435
553	0.410250053127435	0.6407944235450321	0.2954476475715637
554	0.41022916445294516	0.6407391015711441	0.2954922914505005
555	0.41034543844109833	0.6407391015711441	0.2955430746078491
556	0.41028916090118855	0.6397433060411596	0.2956247627735138
557	0.4105005150793933	0.6393007302500553	0.2956579029560089
558	0.41045863085722406	0.6391900863022792	0.29572680592536926
559	0.41073968705547653	0.6389687984067272	0.2957814931869507
560	0.4106488237178346	0.6383049347200708	0.2958446741104126
561	0.4106634396355353	0.6383049347200708	0.2958644926548004
562	0.41067805659369994	0.6383049347200708	0.29588598012924194
563	0.41067791158917916	0.6357601239212215	0.29592636227607727
564	0.4106625665963457	0.6353728701040053	0.29593339562416077
565	0.4107653791130186	0.6353728701040053	0.2959645986557007
566	0.4108676975945017	0.6349856162867891	0.2960110008716583
567	0.41078333094658454	0.634764328391237	0.29606133699417114
568	0.41088220515397317	0.6333259570701483	0.29608240723609924
569	0.4107553130384836	0.6329940252268201	0.2961347699165344
570	0.41084380610412924	0.6329940252268201	0.29618462920188904
571	0.41091757945771235	0.6329940252268201	0.29618945717811584
572	0.41102090667433006	0.6329940252268201	0.29619207978248596
573	0.41093626499964075	0.6327727373312679	0.2961963415145874
574	0.4111278952668681	0.6323854835140518	0.2962127923965454
575	0.4111215020502122	0.6323301615401637	0.2962132394313812
576	0.4113306698340712	0.6322195175923877	0.2962399423122406
577	0.4113454754877259	0.6322195175923877	0.29634684324264526
578	0.4119088811995386	0.6322195175923877	0.2964029312133789
579	0.41650934665926337	0.6224828501880947	0.2965739965438843
580	0.4164661459297375	0.6223722062403186	0.2966080605983734
581	0.4166666666666667	0.6223722062403186	0.29668277502059937
582	0.4164350050038919	0.6215423766319982	0.2967953383922577
583	0.41653070305547313	0.6214317326842221	0.29697394371032715
584	0.4164163050331961	0.621099800840894	0.29699403047561646
585	0.4165708136989351	0.621099800840894	0.2970019280910492
586	0.416385166487249	0.6205465811020138	0.2971843481063843
587	0.41579964328180735	0.6190528878070369	0.29745006561279297
588	0.41571279916753384	0.6188315999114848	0.29749366641044617
589	0.4156910841045081	0.6187762779375968	0.2976500689983368
590	0.41560420770917744	0.6185549900420447	0.2976566553115845
591	0.4161867005759593	0.6156229254259792	0.2976974844932556
592	0.4162178336325554	0.6156229254259792	0.2977730631828308
593	0.4169379874309079	0.6092608984288559	0.2979487180709839
594	0.4168938361350901	0.6091502544810798	0.29796043038368225
595	0.4170675353206318	0.6091502544810798	0.29797688126564026
596	0.4168024555686081	0.6084863907944236	0.29806429147720337
597	0.41672669371042953	0.6080991369772073	0.2981314957141876
598	0.4167424931756142	0.6080991369772073	0.29816702008247375
599	0.4176786326087784	0.6069926974994467	0.2983870506286621
600	0.4176564641388762	0.6069373755255587	0.29839450120925903
601	0.41763429398104085	0.6068820535516707	0.29844895005226135
602	0.41766609556443934	0.6068820535516707	0.2985825538635254
603	0.4176819981724033	0.6068820535516707	0.29880857467651367
604	0.4180521659548505	0.6064947997344545	0.29901984333992004
605	0.41806810814933454	0.6064947997344545	0.2992039918899536
606	0.4178683146410315	0.6059969019694623	0.29923486709594727
607	0.4180118298034726	0.6059969019694623	0.2992376387119293
608	0.4181075613573037	0.6059969019694623	0.2993895411491394
609	0.4180506242125759	0.6057756140739101	0.29944145679473877
610	0.4181464085233131	0.6057756140739101	0.29983386397361755
611	0.41821028911889396	0.6057756140739101	0.29985907673835754
612	0.4184535412605588	0.6056649701261341	0.29993948340415955
613	0.4187736679034541	0.6056649701261341	0.30014607310295105
614	0.4186847239756685	0.605443682230582	0.3002125918865204
615	0.4186624837401484	0.605388360256694	0.30026599764823914
616	0.41867850174082716	0.605388360256694	0.30034250020980835
617	0.41874258600237246	0.605388360256694	0.30048200488090515
618	0.4188201064277784	0.6052223943350299	0.300581157207489
619	0.4187978560490046	0.6051670723611419	0.30060499906539917
620	0.4188299257217245	0.6051670723611419	0.30068084597587585
621	0.41902609095436955	0.6050564284133658	0.30079200863838196
622	0.41876438986953185	0.6037287010400532	0.3008340299129486
623	0.41878045972600636	0.6037287010400532	0.30088743567466736
624	0.4206091527520099	0.6020137198495242	0.3011700212955475
625	0.42045234873381016	0.6016264660323081	0.3012040853500366
626	0.42012612682322903	0.6007413144500996	0.3012264370918274
627	0.42010369109339935	0.6006859924762116	0.3013089597225189
628	0.42052017520058915	0.6001880947112193	0.3020034730434418
629	0.42056908047759345	0.6001880947112193	0.3020581603050232
630	0.4198461418913669	0.597809249834034	0.3022100627422333
631	0.4197185288857787	0.5972560300951538	0.3023465871810913
632	0.41908729849700177	0.5954304049568488	0.3026795983314514
633	0.4198593264961295	0.5911152909935826	0.3027852177619934
634	0.4197327044025157	0.5907280371763665	0.30278798937797546
635	0.4200133737167132	0.5907280371763665	0.3029158115386963
636	0.4203771505058856	0.5907280371763665	0.3029918074607849
637	0.4203480589022758	0.5906173932285904	0.303101122379303
638	0.42032523526400756	0.5905620712547024	0.3033049404621124
639	0.4203748917067024	0.5905620712547024	0.3034016788005829
640	0.4204576785221947	0.5905620712547024	0.3034045994281769
641	0.420389190892618	0.5903961053330383	0.3035087585449219
642	0.42045544086360415	0.5903961053330383	0.30361565947532654
643	0.41854178261906655	0.5824297410931623	0.3036890923976898
644	0.4184030539207889	0.582097809249834	0.3037055432796478
645	0.4183105313394846	0.5818765213542819	0.30374377965927124
646	0.4182455023085496	0.5813233016154017	0.3037675619125366
647	0.41582207207207206	0.5719738880283248	0.303794264793396
648	0.41547820481830633	0.5705355167072361	0.30382224917411804
649	0.4146688338073954	0.5645607435273291	0.3038956820964813
650	0.4144784976831152	0.5641181677362248	0.30390116572380066
651	0.4142124959323137	0.5633436601017925	0.30394554138183594
652	0.41501184930947127	0.5619052887807037	0.3039741516113281
653	0.4147543002586313	0.5589179021907502	0.3040008544921875
654	0.4152998725695729	0.5589179021907502	0.3040797710418701
655	0.4152479644707624	0.55864129232131	0.30410775542259216
656	0.41491687636648655	0.5564284133657889	0.30423709750175476
657	0.41479617098531113	0.5561518034963487	0.30434519052505493
658	0.4149160097403937	0.5561518034963487	0.3043689727783203
659	0.4148395887526322	0.5558198716530206	0.3043718934059143
660	0.4149010861933672	0.5557645496791326	0.30444368720054626
661	0.4144780585106383	0.5517813675591945	0.3045967221260071
662	0.4143938134042907	0.5513941137419783	0.30467933416366577
663	0.41441104319986694	0.5513941137419783	0.30474528670310974
664	0.4143101078672275	0.5503429962381058	0.3047972023487091
665	0.41436187937354213	0.5503429962381058	0.3048033118247986
666	0.41484570475396165	0.5503429962381058	0.3048652112483978
667	0.4148652032384609	0.5499557424208896	0.3048788905143738
668	0.41263344444913286	0.540993582651029	0.3048859238624573
669	0.4130150010564124	0.5407169727815888	0.30503079295158386
670	0.4128909551986475	0.5404403629121487	0.3050690293312073
671	0.41297822870429085	0.5404403629121487	0.30511340498924255
672	0.4129534116851272	0.5403850409382607	0.30516576766967773
673	0.4127904516019808	0.5395552113299402	0.3052373230457306
674	0.41271588215374194	0.5393892454082762	0.3052728474140167
675	0.4129256310350669	0.5393892454082762	0.30528905987739563
676	0.41296060991105465	0.5393892454082762	0.3055030405521393
677	0.4129108776685869	0.5392786014605001	0.3055265247821808
678	0.412861136999068	0.5391679575127241	0.30560702085494995
679	0.4130121299516498	0.5387253817216199	0.3056570589542389
680	0.4132224391071883	0.5387253817216199	0.3057096302509308
681	0.4140631687066678	0.535240097366674	0.305808961391449
682	0.414116337799084	0.535240097366674	0.3059413731098175
683	0.41401601095937324	0.5350188094711219	0.30600327253341675
684	0.41358370300185193	0.531256915246736	0.30613306164741516
685	0.41355844603325004	0.531201593272848	0.3061368763446808
686	0.4135653225110094	0.5299291878734234	0.306147962808609
687	0.41353253594714795	0.5298185439256473	0.30620986223220825
688	0.4134324487855476	0.529210002212879	0.3062784969806671
689	0.4131798710570724	0.5282695286567824	0.30628877878189087
690	0.4134003204989389	0.5280482407612304	0.3063434660434723
691	0.4139202081526453	0.5280482407612304	0.3064953684806824
692	0.4140279344148521	0.5280482407612304	0.30650192499160767
693	0.4140458942436993	0.5280482407612304	0.30656948685646057
694	0.4159540411349384	0.5247289223279487	0.30676108598709106
695	0.4159284273309359	0.5246736003540606	0.3068774938583374
696	0.41474147414741475	0.521409603894667	0.30688321590423584
697	0.41450502911593434	0.5198052666519142	0.3069041967391968
698	0.4145233158335907	0.5198052666519142	0.3069649040699005
699	0.41449313738470367	0.519583978756362	0.3070981502532959
700	0.4144187894574191	0.5193073688869219	0.307266503572464
701	0.4141860259694373	0.5188094711219297	0.3073047399520874
702	0.4148089171974522	0.5188094711219297	0.30740147829055786
703	0.41500996236440113	0.5185328612524895	0.30742114782333374
704	0.41498405951115835	0.5184775392786014	0.3075181841850281
705	0.4150759555339032	0.5184775392786014	0.30755338072776794
706	0.4152230738558327	0.5184775392786014	0.307686984539032
707	0.41525986973281936	0.5184775392786014	0.3076966106891632
708	0.4152331973754212	0.5181456074352733	0.30770546197891235
709	0.41528843169423135	0.5181456074352733	0.30779406428337097
710	0.41534368070953437	0.5181456074352733	0.30786558985710144
711	0.4153805215540181	0.5181456074352733	0.3079032003879547
712	0.4164662926351412	0.517426421774729	0.3080229163169861
713	0.41630270077547016	0.5167625580880726	0.30804258584976196
714	0.4165327620067845	0.5162646603230804	0.3081354796886444
715	0.4164211090275918	0.5159880504536402	0.30831408500671387
716	0.41671879188633726	0.5159880504536402	0.3083335757255554
717	0.4172829545963874	0.5150475768975437	0.3083351254463196
718	0.417152335694432	0.5147709670281035	0.3083420693874359
719	0.41717103788388255	0.5147709670281035	0.30852067470550537
720	0.4173394330821672	0.5147709670281035	0.308758407831192
721	0.41780791163396347	0.5147709670281035	0.3089902102947235
722	0.4182962463474938	0.5147709670281035	0.309317022562027
723	0.41848437148639533	0.5147709670281035	0.3093704283237457
724	0.418503193307547	0.5147709670281035	0.30970942974090576
725	0.41881304034582134	0.5145496791325515	0.309712290763855
726	0.41855540035146216	0.5138858154458951	0.3097880482673645
727	0.41919169112666516	0.5135538836025669	0.31002163887023926
728	0.4193621250451753	0.5135538836025669	0.310122549533844
729	0.41859833393697937	0.5115069705687099	0.3102744519710541
730	0.4184666938368881	0.5112303606992697	0.3104133903980255
731	0.41897896264055134	0.5112303606992697	0.3105373978614807
732	0.4190549610012697	0.5112303606992697	0.3107439875602722
733	0.4194661340112584	0.5111750387253817	0.31076300144195557
734	0.4197328972472063	0.5111750387253817	0.31113460659980774
735	0.42013367889783115	0.5111750387253817	0.3111625909805298
736	0.419888747036294	0.5094600575348528	0.3111655116081238
737	0.4196150320806599	0.5065279929187874	0.31134119629859924
738	0.41946878297169593	0.505864129232131	0.31155213713645935
739	0.41950727164288665	0.505864129232131	0.3116041421890259
740	0.419865907421014	0.505808807258243	0.3118107318878174
741	0.42072945521698984	0.5041491480416022	0.3119337260723114
742	0.4206418840914338	0.5039278601460501	0.3121142089366913
743	0.4206613096887411	0.5039278601460501	0.31232768297195435
744	0.42131557035803496	0.5038725381721619	0.3124987483024597
745	0.4213082901554404	0.5038172161982739	0.31272009015083313
746	0.41950377763268354	0.4976211551228148	0.3128986954689026
747	0.4176038886770873	0.4847864571807922	0.31292667984962463
748	0.41817394650760054	0.48091391900863023	0.312953382730484
749	0.4186774550883784	0.48091391900863023	0.3130322992801666
750	0.41883101238375176	0.4808585970347422	0.31304997205734253
751	0.4189925283200771	0.4808585970347422	0.3130766749382019
752	0.4188974099262046	0.480471343217526	0.3131052851676941
753	0.41929095826893353	0.4802500553219739	0.31316134333610535
754	0.4194125036235385	0.4802500553219739	0.3132118284702301
755	0.41938445185292555	0.4801947333480859	0.31336793303489685
756	0.41960442961458483	0.48002876742642175	0.3133682310581207
757	0.41996999177193745	0.48002876742642175	0.3135492503643036
758	0.4199264136328428	0.4798628015047577	0.31357482075691223
759	0.4196632212355025	0.478424430183669	0.31367531418800354
760	0.4217080974649274	0.4739433502987387	0.3136903643608093
761	0.4216511593560774	0.4738327063509626	0.31369781494140625
762	0.4141932833521619	0.44622704138083646	0.3137558400630951
763	0.4142783769902414	0.44622704138083646	0.3138422667980194
764	0.4141881132172394	0.4460610754591724	0.31384971737861633
765	0.4139546858908342	0.4447333480858597	0.3138764202594757
766	0.4138765839085196	0.4445120601903076	0.31398332118988037
767	0.41314335862887824	0.4427417570258907	0.3139916658401489
768	0.41363448418441184	0.4427417570258907	0.31405624747276306
769	0.41170655567117587	0.43776277937596814	0.3140900135040283
770	0.4116759456787554	0.4377074574020801	0.3140917718410492
771	0.41195165155777846	0.43743084753263994	0.31416192650794983
772	0.41201604918972434	0.43743084753263994	0.3141898512840271
773	0.41198540906722253	0.4373755255587519	0.3142445385456085
774	0.41195476575121165	0.4373202035848639	0.31426283717155457
775	0.41080684852610083	0.4340562071254702	0.3142969012260437
776	0.41077599748664784	0.4340008851515822	0.3143417537212372
777	0.41068342498036137	0.4338349192299181	0.3145596981048584
778	0.41102783164736095	0.4338349192299181	0.3146074712276459
779	0.4109969598490408	0.4337795972560301	0.3146100342273712
780	0.4109660848141741	0.4337242752821421	0.3147333264350891
781	0.4115917681646367	0.4337242752821421	0.3147381544113159
782	0.4118945045707681	0.4337242752821421	0.3147614896297455
783	0.41267501842299187	0.4337242752821421	0.3148140609264374
784	0.41297935103244837	0.4337242752821421	0.31491610407829285
785	0.41288657078130764	0.43355830936047796	0.31495580077171326
786	0.4106875934230194	0.4255919451206019	0.31504568457603455
787	0.41097574008763493	0.42548130117282584	0.31507250666618347
788	0.4112614298700604	0.42548130117282584	0.31510770320892334
789	0.41253644314868804	0.4227152024784244	0.31516239047050476
790	0.41172969755991995	0.42100022128789555	0.3152328133583069
791	0.41163419913419913	0.4208342553662315	0.315279096364975
792	0.4115894936366098	0.42044700154901526	0.31531429290771484
793	0.41171371295443465	0.42039167957512724	0.3153409957885742
794	0.4117583310755893	0.42039167957512724	0.31541991233825684
795	0.41147727889679137	0.4192852400973667	0.3154394030570984
796	0.4110282510478471	0.41773622482850187	0.3154478967189789
797	0.41089998366635816	0.4175149369329498	0.3154544532299042
798	0.4109223565283676	0.4175149369329498	0.3155772387981415
799	0.41081640433527583	0.41729364903739763	0.31560635566711426
800	0.41083877995642704	0.41729364903739763	0.31567391753196716
801	0.41080196399345337	0.4165744633768533	0.315783828496933
802	0.4109152802942953	0.414029652578004	0.31600117683410645
803	0.4112765840523163	0.414029652578004	0.31600862741470337
804	0.4112442295009892	0.413974330604116	0.31608542799949646
805	0.41040462427745666	0.4124253153352512	0.3160960376262665
806	0.4102422907488987	0.412148705465811	0.3162190318107605
807	0.4083781237878872	0.40772294755476873	0.31623169779777527
808	0.4083453396874654	0.4076676255808807	0.3163670599460602
809	0.40841323504960375	0.4076676255808807	0.3163709342479706
810	0.40845851116900395	0.4076676255808807	0.31649741530418396
811	0.4077059935505393	0.4056760345209117	0.31650590896606445
812	0.4079496743305684	0.40539942465147155	0.31653261184692383
813	0.4079167130609064	0.40534410267758353	0.3166801929473877
814	0.4080584854065517	0.40451427306926313	0.3166845142841339
815	0.4085168212808763	0.40440362912148703	0.3167193531990051
816	0.40877055599060297	0.404292985173711	0.3168365955352783
817	0.40904511362364265	0.404292985173711	0.31692594289779663
818	0.41213625084592825	0.404292985173711	0.3169357478618622
819	0.4126482213438735	0.404292985173711	0.3170497715473175
820	0.4121403945063019	0.40340783359150256	0.31715404987335205
821	0.41203887909964193	0.4010289887143173	0.31716617941856384
822	0.41198544462133274	0.40086302279265323	0.3172666132450104
823	0.4120088701882072	0.40086302279265323	0.3174732029438019
824	0.4120591581342435	0.4007523788448772	0.317671000957489
825	0.4118918918918919	0.400475768975437	0.3177787661552429
826	0.41193876970352244	0.400475768975437	0.3178420662879944
827	0.41190530389255636	0.400420447001549	0.3179757297039032
828	0.41282153653111275	0.400420447001549	0.3182176351547241
829	0.41256705855495945	0.39992254923655673	0.3182443380355835
830	0.4124664649808779	0.39975658331489267	0.31884056329727173
831	0.4129862700228833	0.39936932949767645	0.31891918182373047
832	0.412972414979641	0.398373533967692	0.31915369629859924
833	0.41293874741913283	0.39831821199380396	0.3192269802093506
834	0.4128077121707695	0.39798628015047577	0.31943613290786743
835	0.4145803078710427	0.39483292763885813	0.3196685314178467
836	0.4143081304120416	0.39439035184775395	0.31971871852874756
837	0.41446105520330406	0.3941690639522018	0.3198751211166382
838	0.41462420678814693	0.39400309803053774	0.32008713483810425
839	0.414739295077192	0.39383713210887367	0.32026994228363037
840	0.4148018648018648	0.39378181013498564	0.32029372453689575
841	0.4149341142020498	0.39195618499668067	0.32091033458709717
842	0.41486557722720085	0.3918455410489046	0.321038156747818
843	0.4150158246395499	0.3917348971011286	0.3214512765407562
844	0.4140542444522719	0.39018588183226377	0.3215317726135254
845	0.4140684633902883	0.39013055985837575	0.3216862976551056
846	0.4141900622577235	0.39013055985837575	0.3217087984085083
847	0.4144806493353723	0.3898539499889356	0.3217260539531708
848	0.41430840736600577	0.38957734011949546	0.3218509256839752
849	0.414357163871727	0.38957734011949546	0.3218512237071991
850	0.4132922274263354	0.38564947997344545	0.3220219314098358
851	0.4133167318866358	0.38564947997344545	0.3220578134059906
852	0.415728992099593	0.38426643062624477	0.32207271456718445
853	0.4168567655180694	0.38415578667846867	0.32217833399772644
854	0.41720740206681084	0.38415578667846867	0.3222285211086273
855	0.4172324701075527	0.38415578667846867	0.3223089277744293
856	0.41728261522745025	0.38415578667846867	0.3223709464073181
857	0.4171425136743403	0.3839344987829166	0.322494238615036
858	0.4188520080689529	0.37906616508077007	0.3224990665912628
859	0.41895033031563494	0.378900199159106	0.32277974486351013
860	0.41861034588307316	0.3782916574463377	0.32280224561691284
861	0.40982876058310524	0.35616286789112633	0.3228289484977722
862	0.40967002165881006	0.3557756140739102	0.3229734003543854
863	0.4095948012232416	0.35566497012613413	0.3229808509349823
864	0.4094242173053625	0.3552223943350299	0.32300877571105957
865	0.40860558787801293	0.35356273511838904	0.32311445474624634
866	0.4065030201773551	0.34996680681566716	0.32316067814826965
867	0.4065962380829683	0.3491922991812348	0.32318738102912903
868	0.4066408768536428	0.3489156893117946	0.3232153654098511
869	0.40733290071382217	0.3472560300951538	0.3232211470603943
870	0.4072944383152703	0.34720070812126574	0.32336726784706116
871	0.40737123136029174	0.3460942686435052	0.32339397072792053
872	0.40753045404208194	0.3460942686435052	0.32345038652420044
873	0.4074532542836667	0.34598362469572913	0.32347288727760315
874	0.4073374169164603	0.34581765877406506	0.3235122263431549
875	0.4073639622026719	0.34581765877406506	0.3236302137374878
876	0.407325338894682	0.34576233680017704	0.3236314058303833
877	0.4075378195096505	0.34576233680017704	0.3237144649028778
878	0.40756439517443754	0.34576233680017704	0.32378602027893066
879	0.40676074827699377	0.34283027218411155	0.3238368034362793
880	0.407082563967291	0.34150254481079884	0.32399260997772217
881	0.4065364687126345	0.33857048019473335	0.32402053475379944
882	0.40637873754152826	0.33834919229918126	0.32405173778533936
883	0.40626038412972687	0.33818322637751713	0.32406023144721985
884	0.40742984050070663	0.33491922991812345	0.32407522201538086
885	0.40727027936721644	0.33469794202257136	0.3241384029388428
886	0.4070707070707071	0.33442133215313125	0.3242388367652893
887	0.41564494156449416	0.3207014826289002	0.32425832748413086
888	0.4145604598039938	0.31124142509404734	0.32426682114601135
889	0.4144070927225711	0.3103009515379509	0.32437244057655334
890	0.41520337852856193	0.31002434166851073	0.3244454264640808
891	0.41555836243405897	0.3094157999557424	0.3244900703430176
892	0.4153846153846154	0.30919451206019033	0.324543833732605
893	0.41541548981715476	0.30919451206019033	0.3245519697666168
894	0.4152851089138354	0.3090285461385262	0.32457053661346436
895	0.415377751338489	0.3090285461385262	0.3246966600418091
896	0.4158193779904306	0.30770081876521355	0.3247585594654083
897	0.41577570093457944	0.3076454967913255	0.32491496205329895
898	0.4141398865784499	0.30299845098473116	0.32503795623779297
899	0.41015593762495	0.28374640407169727	0.32505062222480774
900	0.4103528282262581	0.28374640407169727	0.3251546621322632
901	0.4105170481831279	0.28374640407169727	0.3251842260360718
902	0.41023382447149265	0.28341447222836913	0.32518985867500305
903	0.41069424402757737	0.28341447222836913	0.3253234624862671
904	0.41087758703673993	0.2833591502544811	0.32533612847328186
905	0.41107988759534325	0.283248506306705	0.3253963887691498
906	0.41068702290076337	0.28275060854171274	0.3254319131374359
907	0.4109181540440585	0.28275060854171274	0.32560184597969055
908	0.4105390185036203	0.28230803275060856	0.3256029784679413
909	0.410656793303284	0.28225271077672054	0.3256370425224304
910	0.41146085552865214	0.2820314228811684	0.3258393108844757
911	0.4115272844688408	0.2820314228811684	0.32606688141822815
912	0.41157452311671516	0.28169949103784026	0.3262541592121124
913	0.41152695820871393	0.2816441690639522	0.32627061009407043
914	0.4117932540645474	0.2816441690639522	0.32646074891090393
915	0.4116504854368932	0.2814782031422881	0.3267623484134674
916	0.4119504493563274	0.2814782031422881	0.3267918825149536
917	0.4123176661264181	0.2814782031422881	0.3267945945262909
918	0.412351081935327	0.2814782031422881	0.326946496963501
919	0.412303452747609	0.2814228811684001	0.32697319984436035
920	0.41220817120622566	0.28131223722062404	0.3269984722137451
921	0.415646708567648	0.27804824076123036	0.3273487687110901
922	0.414184985483202	0.27622261562292544	0.32740217447280884
923	0.4140994768745329	0.27589068377959725	0.3274160325527191
924	0.4141682584502948	0.27589068377959725	0.327571839094162
925	0.41423706287897666	0.27589068377959725	0.3277072012424469
926	0.4149812734082397	0.2758353618057092	0.3279137909412384
927	0.4147864457580551	0.27561407391015713	0.32815152406692505
928	0.4148555250228995	0.27561407391015713	0.32855597138404846
929	0.414993752603082	0.27561407391015713	0.32861655950546265
930	0.41494501832722425	0.2755587519362691	0.32867124676704407
931	0.41705764075067026	0.275392786014605	0.32876256108283997
932	0.4172673931265717	0.275392786014605	0.32882314920425415
933	0.41744234800838576	0.275392786014605	0.329105406999588
934	0.4173934921167394	0.27533746404071696	0.3291662633419037
935	0.41729575574568023	0.2752268200929409	0.3292926847934723
936	0.4165825765220316	0.2740650586412923	0.32931169867515564
937	0.41661760995711045	0.2740650586412923	0.3296026885509491
938	0.41724922092141836	0.2740650586412923	0.3297506868839264
939	0.4172843665768194	0.2740650586412923	0.33001476526260376
940	0.4172352792519586	0.2740097366674043	0.33004146814346313
941	0.4169405815423515	0.2736778048240761	0.33016929030418396
942	0.41805708478021514	0.2730692631113078	0.3303202688694
943	0.41760664913917395	0.2724053994246515	0.3305557072162628
944	0.4173595791617173	0.2721287895552113	0.3305824100971222
945	0.41739499363597793	0.2721287895552113	0.3306613266468048
946	0.41746584061783926	0.2721287895552113	0.3307487964630127
947	0.417572156196944	0.2721287895552113	0.3307754695415497
948	0.41810454738631536	0.2721287895552113	0.3309553861618042
949	0.4179066405917864	0.2719075016596592	0.3309820592403412
950	0.417977719193809	0.2719075016596592	0.3309972584247589
951	0.4182917482755684	0.27174153573799514	0.3310474455356598
952	0.4183986371379898	0.27174153573799514	0.3311263620853424
953	0.4186839413569724	0.27174153573799514	0.33118104934692383
954	0.41895133653187117	0.27052445231245853	0.3312038481235504
955	0.4183603169135377	0.2687541491480416	0.3313329517841339
956	0.4183321847002068	0.26864350520026553	0.3314753770828247
957	0.4181316787314719	0.26842221730471344	0.3315986692905426
958	0.418516279471457	0.26809028546138525	0.331625372171402
959	0.41876944348427236	0.26809028546138525	0.33180248737335205
960	0.4191742477256823	0.26510289887143174	0.3319259285926819
961	0.41892010151395814	0.26482628900199157	0.3319333791732788
962	0.4119586118487318	0.24889356052223943	0.3320566713809967
963	0.4120340690539427	0.24889356052223943	0.33211320638656616
964	0.4112303881090008	0.24795308696614296	0.3322465121746063
965	0.41100293901542984	0.24756583314892674	0.3322918117046356
966	0.41101497813750115	0.24441248063730914	0.33231979608535767
967	0.4104008260583873	0.24186766983845984	0.33234649896621704
968	0.41043935411190385	0.24186766983845984	0.332374632358551
969	0.41051643192488263	0.24186766983845984	0.33242541551589966
970	0.41086364063527864	0.24186766983845984	0.3324984014034271
971	0.4110452535516041	0.24170170391679574	0.33260494470596313
972	0.4076166358235122	0.23152246072139854	0.3327385485172272
973	0.40689385802167755	0.23052666519141404	0.33281153440475464
974	0.4083863275039746	0.2273733126797964	0.3328604996204376
975	0.4087518647439085	0.2273733126797964	0.33289045095443726
976	0.4054081323781657	0.2222836910820978	0.33291715383529663
977	0.4046920821114369	0.22139853949988936	0.3329451382160187
978	0.40762373193974794	0.22007081212657667	0.33296793699264526
979	0.40709962039601927	0.2195175923876964	0.3330909311771393
980	0.39989506820566634	0.21083204248727594	0.33309704065322876
981	0.4023985437412999	0.20789997787121045	0.33312374353408813
982	0.4024416363246948	0.20789997787121045	0.3331913650035858
983	0.4064480266814897	0.20225713653463157	0.33324283361434937
984	0.40643079661771253	0.20209117061296747	0.3333599865436554
985	0.4064760209191054	0.20209117061296747	0.33336275815963745
986	0.4059748077137443	0.20148262890019916	0.3333979547023773
987	0.4071621014818141	0.20065279929187874	0.3335665762424469
988	0.4073907165389815	0.20004425757911043	0.3336564004421234
989	0.40743661971830986	0.20004425757911043	0.33382779359817505
990	0.4076382592928377	0.19899314007523788	0.3338681757450104
991	0.4070123680925905	0.1984399203363576	0.33395078778266907
992	0.4069450748978665	0.19838459836246958	0.33400315046310425
993	0.4067295668978061	0.19794202257136534	0.33413389325141907
994	0.4067758071850841	0.19794202257136534	0.33414238691329956
995	0.40565708299383074	0.19279707899977871	0.33415505290031433
996	0.4055911473500291	0.19263111307811462	0.33416908979415894
997	0.40531406595967834	0.19240982518256253	0.33428865671157837
998	0.40625	0.1920225713653463	0.334320992231369
999	0.405814089790177	0.19152467360035405	0.3343489170074463
1000	0.40549102428722283	0.19119274175702589	0.33445459604263306
1001	0.4058705646587292	0.19047355609648153	0.33450081944465637
1002	0.40472235405790224	0.1887032529320646	0.3345555067062378
1003	0.40486646884273	0.1887032529320646	0.33462458848953247
1004	0.4049655500118793	0.18859260898428856	0.3347074091434479
1005	0.4054954204829309	0.18859260898428856	0.33473411202430725
1006	0.4056401713469776	0.18859260898428856	0.33479052782058716
1007	0.4055952380952381	0.18848196503651252	0.3350546061992645
1008	0.4056435289915466	0.18848196503651252	0.3351261615753174
1009	0.4065147357117289	0.18848196503651252	0.335176944732666
1010	0.4069558981713876	0.18837132108873644	0.3353327512741089
1011	0.40705319784817695	0.18837132108873644	0.3353852927684784
1012	0.4071505440631352	0.18837132108873644	0.3355918824672699
1013	0.40665390138822405	0.18798406727152026	0.3355984687805176
1014	0.4066578852831996	0.18787342332374418	0.3357148766517639
1015	0.4079596008176025	0.1877074574020801	0.3358990252017975
1016	0.4077459706519124	0.18754149148041602	0.33592572808265686
1017	0.4076747263322507	0.187486169506528	0.33607763051986694
1018	0.4082148879788003	0.187486169506528	0.33639076352119446
1019	0.4081237911025145	0.18676698384598361	0.3365243673324585
1020	0.4084200338736995	0.18676698384598361	0.3365471661090851
1021	0.4085188770571152	0.18676698384598361	0.3366597294807434
1022	0.40842513012952425	0.18665633989820757	0.3368663191795349
1023	0.40817068735604317	0.18626908608099138	0.33777567744255066
1024	0.4083191850594228	0.18626908608099138	0.3377893567085266
1025	0.40886460230722527	0.18626908608099138	0.3383122980594635
1026	0.40879281029876124	0.18621376410710333	0.33842381834983826
1027	0.40970613339836603	0.18588183226377517	0.3385468125343323
1028	0.4097340814832886	0.18582651028988714	0.3391458988189697
1029	0.4085075174184085	0.18488603673379067	0.33934301137924194
1030	0.4074532623498824	0.18206461606550123	0.3396868407726288
1031	0.40789473684210525	0.18178800619606109	0.3399999737739563
1032	0.4073889166250624	0.18057092277052444	0.3400788903236389
1033	0.40743977031581574	0.18057092277052444	0.3401518762111664
1034	0.4075415157947309	0.18057092277052444	0.3402854800224304
1035	0.4084084084084084	0.18057092277052444	0.3403121829032898
1036	0.40833437617319485	0.18051560079663642	0.3404640853404999
1037	0.40811216825237856	0.18034963487497233	0.3406214118003845
1038	0.4157274258323617	0.17752821420668288	0.3408213257789612
1039	0.4164287568128731	0.17752821420668288	0.3408576250076294
1040	0.41653686396677053	0.17752821420668288	0.340933620929718
1041	0.4168078175895765	0.1769749944678026	0.3410279154777527
1042	0.415491118077325	0.1759791989378181	0.34105661511421204
1043	0.4148768988999476	0.17526001327727372	0.3410794138908386
1044	0.4155299055613851	0.17526001327727372	0.34124433994293213
1045	0.41570805236017455	0.17393228590396106	0.341343492269516
1046	0.41609317098994175	0.17393228590396106	0.34145092964172363
1047	0.4155032575455392	0.17288116840008852	0.34155747294425964
1048	0.41513484502884745	0.17116618720955964	0.3416557013988495
1049	0.41505636070853463	0.17111086523567162	0.3417093753814697
1050	0.4126787678767877	0.166021243637973	0.3417360782623291
1051	0.4128516271373414	0.1656339898207568	0.34176406264305115
1052	0.42323174238067857	0.16286789112635539	0.34184297919273376
1053	0.4233102253032929	0.16214870546581103	0.34191596508026123
1054	0.42666861826697894	0.16126355388360256	0.3419426679611206
1055	0.4278585057977396	0.16126355388360256	0.3419916331768036
1056	0.42794182459233143	0.1611529099358265	0.3420215845108032
1057	0.4284863819020688	0.15927196282363354	0.34204956889152527
1058	0.4369306777829242	0.15656118610312017	0.34207627177238464
1059	0.43684373069796173	0.15650586412923212	0.3421041965484619
1060	0.43666975594686436	0.15639522018145607	0.3421953618526459
1061	0.43215293011595113	0.1525780039831821	0.3422281742095947
1062	0.4297195083517176	0.15086302279265323	0.3423107862472534
1063	0.42947301988008835	0.1505864129232131	0.34237396717071533
1064	0.4292706030944111	0.15042044700154902	0.34238550066947937
1065	0.4324367595260967	0.1494246514715645	0.34258541464805603
1066	0.4327832078192597	0.1494246514715645	0.34268710017204285
1067	0.4320231958762887	0.14837353396769196	0.34269770979881287
1068	0.42970650235122426	0.14660323080327506	0.3428207039833069
1069	0.4261014131338321	0.1417902190750166	0.34297260642051697
1070	0.424277842711638	0.14057313564947999	0.34310758113861084
1071	0.42330259849119867	0.1396879840672715	0.3432735204696655
1072	0.42489874977989084	0.13349192299181234	0.3432861864566803
1073	0.42497358224727017	0.13349192299181234	0.3434533476829529
1074	0.42452663245443284	0.13271741535737996	0.34348005056381226
1075	0.42460176991150445	0.13271741535737996	0.34358665347099304
1076	0.425275115370962	0.13255144943571587	0.34363195300102234
1077	0.4344338742771871	0.12884487718521798	0.3436599373817444
1078	0.4327157027886955	0.12790440362912148	0.34370335936546326
1079	0.4328777382512638	0.12790440362912148	0.3437385559082031
1080	0.4329588014981273	0.12790440362912148	0.34375572204589844
1081	0.432320959880015	0.1275724717857933	0.34383854269981384
1082	0.4333019755409219	0.12740650586412924	0.34394508600234985
1083	0.4348648137644167	0.12724053994246515	0.3440786898136139
1084	0.4351202879333207	0.12707457402080105	0.34415167570114136
1085	0.4366679345758844	0.12701925204691303	0.344230592250824
1086	0.4389729833301399	0.1267426421774729	0.3442852795124054
1087	0.43955410340188356	0.12652135428192077	0.344308078289032
1088	0.4389070617664037	0.1261894224385926	0.344431072473526
1089	0.4382954107211724	0.1257468466474884	0.3444371819496155
1090	0.438332368268674	0.12563620269971232	0.3448193073272705
1091	0.4365678868874685	0.12469572914361585	0.34503015875816345
1092	0.43441027637212926	0.12347864571807922	0.34534329175949097
1093	0.43409180070615927	0.12242752821420669	0.3454674482345581
1094	0.43443266588142915	0.12242752821420669	0.34549519419670105
1095	0.43413291388124264	0.12215091834476655	0.3456287980079651
1096	0.43498817966903075	0.12215091834476655	0.3461039960384369
1097	0.43476547102877416	0.12204027439699049	0.346255898475647
1098	0.4376984126984127	0.12204027439699049	0.3464624881744385
1099	0.4379591026404606	0.12204027439699049	0.3467002213001251
1100	0.4382201032975765	0.12204027439699049	0.34679529070854187
1101	0.4377733598409543	0.12181898650143837	0.34705501794815063
1102	0.43855805616411075	0.12181898650143837	0.3477298617362976
1103	0.43850906916483956	0.12170834255366232	0.3488689661026001
1104	0.4386839481555334	0.12170834255366232	0.3491000831127167
1105	0.43903412492516464	0.12170834255366232	0.3491044044494629
1106	0.43901462046865614	0.12126576676255808	0.34928300976753235
1107	0.43936660653437565	0.12126576676255808	0.3494166135787964
1108	0.4388474712875277	0.1204912591281257	0.349545955657959
1109	0.43946731234866826	0.1204912591281257	0.3497525453567505
1110	0.44031230737620713	0.1185549900420447	0.3498755395412445
1111	0.4393908211566166	0.11811241425094048	0.35016104578971863
1112	0.43877761717943425	0.11755919451206019	0.35047462582588196
1113	0.43805584281282317	0.11717194069484399	0.35066190361976624
1114	0.43119072708113804	0.11318875857490596	0.3508405089378357
1115	0.42988606485539	0.10854171276831158	0.35086849331855774
1116	0.4359963685882887	0.1062735118389024	0.3508951961994171
1117	0.43609534619750284	0.1062735118389024	0.35097411274909973
1118	0.4350011423349326	0.10533303828280594	0.3510470986366272
1119	0.4379326257498846	0.10500110643947776	0.35118070244789124
1120	0.44002822201317027	0.103507413144501	0.35132649540901184
1121	0.4355112946320136	0.09919229918123479	0.35151663422584534
1122	0.43408203125	0.09836246957291436	0.35163962841033936
1123	0.435287610619469	0.08707678689975658	0.35179153084754944
1124	0.43492769744160176	0.0865235671608763	0.3519251346588135
1125	0.426181391253302	0.08032750608541712	0.35210373997688293
1126	0.42760047281323876	0.08005089621597698	0.3521863520145416
1127	0.4268798105387803	0.07977428634653684	0.35258448123931885
1128	0.43179737564845894	0.07828059305156009	0.35266757011413574
1129	0.4327217125382263	0.07828059305156009	0.35279107093811035
1130	0.4356527093596059	0.07828059305156009	0.35289761424064636
1131	0.43331246086412023	0.0765656118610312	0.35304951667785645
1132	0.43173076923076925	0.07451869882717416	0.35310420393943787
1133	0.4354786017641294	0.07374419119274175	0.3531831204891205
1134	0.4358806165956051	0.07352290329718965	0.35325610637664795
1135	0.4346103038309115	0.07280371763664528	0.35336172580718994
1136	0.44160215415684956	0.07258242974109316	0.353389710187912
1137	0.4426340801086219	0.07213985394998894	0.3535190522670746
1138	0.4418762746430999	0.07191856605443682	0.3535355031490326
1139	0.44314668498797666	0.07136534631555654	0.35356831550598145
1140	0.44291609353507566	0.07125470236778048	0.35371410846710205
1141	0.4425664022076578	0.07097809249834033	0.3537256419658661
1142	0.4453342618384401	0.07075680460278823	0.35402724146842957
1143	0.4454893765238593	0.07075680460278823	0.3541608452796936
1144	0.45494505494505494	0.06870989156893118	0.3543127477169037
1145	0.45511176255038477	0.06870989156893118	0.35444772243499756
1146	0.4547794117647059	0.06843328169949103	0.354626327753067
1147	0.4551140544518028	0.06843328169949103	0.35509586334228516
1148	0.4543109801031688	0.06821199380393893	0.3552084267139435
1149	0.4553175775480059	0.06821199380393893	0.355415016412735
1150	0.4580237741456166	0.06821199380393893	0.3561594486236572
1151	0.46007462686567163	0.06821199380393893	0.3561861515045166
1152	0.45946955547254387	0.06804602788227485	0.35665440559387207
1153	0.4611923509561305	0.06804602788227485	0.35678237676620483
1154	0.4628722201281568	0.06793538393449879	0.3568609952926636
1155	0.4599620493358634	0.06705023235229032	0.357891708612442
1156	0.4606613454960091	0.06705023235229032	0.35802894830703735
1157	0.4602510460251046	0.06693958840451428	0.35823553800582886
1158	0.46213292117465227	0.06616508077008187	0.3589799702167511
1159	0.4604651162790698	0.06572250497897765	0.3592921793460846
1160	0.4607919254658385	0.06566718300508963	0.3596281111240387
1161	0.46271585557299844	0.06522460721398539	0.3597930371761322
1162	0.4559902200488998	0.0619052887807037	0.3599996268749237
1163	0.47368421052631576	0.0607435273290551	0.36074405908584595
1164	0.43877019280875457	0.04658110201371985	0.3607707619667053
1165	0.43628736234923965	0.04602788227483957	0.3609226644039154
1166	0.4365750528541226	0.045695950431511395	0.36105626821517944
1167	0.43511871893981224	0.04359371542376632	0.36200204491615295
1168	0.43559322033898307	0.04265324186766984	0.3621806502342224
1169	0.4664823773324119	0.03734233237441912	0.36220863461494446
1170	0.47567954220314734	0.036789112635538836	0.36223533749580383
1171	0.47636103151862463	0.036789112635538836	0.36231425404548645
1172	0.47772988505747127	0.036789112635538836	0.3623872399330139
1173	0.47924253459577565	0.03640185881832264	0.36252084374427795
1174	0.4808259587020649	0.03606992697499447	0.36265018582344055
1175	0.48118081180811806	0.03606992697499447	0.36266663670539856
1176	0.4785831960461285	0.03214206682894446	0.36285677552223206
1177	0.47547797173732337	0.031644169063952204	0.3629797697067261
1178	0.4717607973421927	0.023567160876300067	0.36313167214393616
1179	0.4759776536312849	0.023567160876300067	0.3632652759552002
1180	0.5179028132992327	0.022405399424651473	0.3635788559913635
1181	0.5142118863049095	0.02201814560743527	0.3636012077331543
1182	0.5148771021992238	0.02201814560743527	0.3652905821800232
1183	0.5080213903743316	0.021022350077450763	0.3667365610599518
1184	0.5081081081081081	0.02080106218189865	0.36811110377311707
1185	0.49654218533886585	0.01986058862580217	0.3698751926422119
1186	0.41092636579572445	0.0095707014826289	0.3711331784725189
1187	0.4448051948051948	0.00757911042265988	0.3713397681713104
1188	0.5120967741935484	0.007025890683779597	0.37208420038223267
1189	0.5724137931034483	0.004591723832706351	0.37211090326309204
1190	0.5539568345323741	0.004259791989378181	0.37239640951156616
1191	0.5877862595419847	0.004259791989378181	0.37273234128952026
1192	0.616	0.004259791989378181	0.38121533393859863
1193	1.0	0.0	1.0
