code	sse	code	volunit	decimal_point	name	pre_close	sse	sec
159001	sz	159001	100.0	3.0	货币ETF	99.9990005493164	sz	etf_cn
159003	sz	159003	100.0	3.0	招商快线	99.98500061035156	sz	etf_cn
159005	sz	159005	100.0	3.0	添富快钱	99.99700164794922	sz	etf_cn
159006	sz	159006	100.0	3.0	快钱B	5.877471754111438e-39	sz	etf_cn
159501	sz	159501	100.0	3.0	纳指基金	1.0479999780654907	sz	etf_cn
159503	sz	159503	100.0	3.0	财富管理	5.877471754111438e-39	sz	etf_cn
159506	sz	159506	100.0	3.0	恒生医疗	5.877471754111438e-39	sz	etf_cn
159507	sz	159507	100.0	3.0	电信ETF	32768.50100004673	sz	etf_cn
159508	sz	159508	100.0	3.0	生物医药	5.877471754111438e-39	sz	etf_cn
159509	sz	159509	100.0	3.0	纳指科技	5.877471754111438e-39	sz	etf_cn
159512	sz	159512	100.0	3.0	汽车ETF	5.877471754111438e-39	sz	etf_cn
159513	sz	159513	100.0	3.0	纳斯达克	5.877471754111438e-39	sz	etf_cn
159601	sz	159601	100.0	3.0	A50ETF	17152.501281261444	sz	etf_cn
159602	sz	159602	100.0	3.0	中国A50	16896.502187490463	sz	etf_cn
159603	sz	159603	100.0	3.0	双创天弘	23808.501718759537	sz	etf_cn
159605	sz	159605	100.0	3.0	互联中概	16640.503093779087	sz	etf_cn
159606	sz	159606	100.0	3.0	500成长	20480.500500023365	sz	etf_cn
159607	sz	159607	100.0	3.0	中概互联	16640.503093779087	sz	etf_cn
159608	sz	159608	100.0	3.0	稀有金属	10496.500843763351	sz	etf_cn
159609	sz	159609	100.0	3.0	光伏龙头	13824.503062486649	sz	etf_cn
159610	sz	159610	100.0	3.0	500增强	20992.501687526703	sz	etf_cn
159611	sz	159611	100.0	3.0	电力ETF	28928.502593755722	sz	etf_cn
159612	sz	159612	100.0	3.0	国泰标普	1.1890000104904175	sz	etf_cn
159613	sz	159613	100.0	3.0	嘉实信安	28160.501312494278	sz	etf_cn
159615	sz	159615	100.0	3.0	生科ETF	20224.50240623951	sz	etf_cn
159616	sz	159616	100.0	3.0	农牧ETF	16640.502093732357	sz	etf_cn
159617	sz	159617	100.0	3.0	500价值	1.059999942779541	sz	etf_cn
159618	sz	159618	100.0	3.0	光伏华安	32000.502718746662	sz	etf_cn
159619	sz	159619	100.0	3.0	基建ETF	32256.50281250477	sz	etf_cn
159620	sz	159620	100.0	3.0	500创新	28416.50240623951	sz	etf_cn
159621	sz	159621	100.0	3.0	MSESGE	28928.503593742847	sz	etf_cn
159622	sz	159622	100.0	3.0	创新药AH	24320.502906262875	sz	etf_cn
159623	sz	159623	100.0	3.0	成渝ETF	23808.503718733788	sz	etf_cn
159625	sz	159625	100.0	3.0	绿色电力	1.0989999771118164	sz	etf_cn
159627	sz	159627	100.0	3.0	100ETF	1.0130000114440918	sz	etf_cn
159628	sz	159628	100.0	3.0	国证2000	1.0149999856948853	sz	etf_cn
159629	sz	159629	100.0	3.0	1000ET	2498.0056250095367	sz	etf_cn
159630	sz	159630	100.0	3.0	中证100F	1.0549999475479126	sz	etf_cn
159631	sz	159631	100.0	3.0	中证100P	27392.501031279564	sz	etf_cn
159632	sz	159632	100.0	3.0	纳斯达克	1.25600004196167	sz	etf_cn
159633	sz	159633	100.0	3.0	ZZ1000	1.9630000591278076	sz	etf_cn
159635	sz	159635	100.0	3.0	基建50	1.065999984741211	sz	etf_cn
159636	sz	159636	100.0	3.0	港科技30	21248.50078123808	sz	etf_cn
159637	sz	159637	100.0	3.0	新能龙头	15360.500625014305	sz	etf_cn
159638	sz	159638	100.0	3.0	高端装备	23808.503718733788	sz	etf_cn
159639	sz	159639	100.0	3.0	碳中和NF	18432.500750005245	sz	etf_cn
159640	sz	159640	100.0	3.0	碳中和ET	18432.502749979496	sz	etf_cn
159641	sz	159641	100.0	3.0	双碳ETF	19200.501031279564	sz	etf_cn
159642	sz	159642	100.0	3.0	DC碳中和	18944.50293749571	sz	etf_cn
159643	sz	159643	100.0	3.0	疫苗ETF	17664.503468751907	sz	etf_cn
159645	sz	159645	100.0	3.0	疫苗龙头	24832.500093758106	sz	etf_cn
159646	sz	159646	100.0	3.0	疫苗	18176.50065624714	sz	etf_cn
159647	sz	159647	100.0	3.0	中药ETF	1.1740000247955322	sz	etf_cn
159649	sz	159649	100.0	3.0	国开债	101.87999725341797	sz	etf_cn
159650	sz	159650	100.0	3.0	国开ETF	101.5469970703125	sz	etf_cn
159651	sz	159651	100.0	3.0	国开0-3	101.44999694824219	sz	etf_cn
159652	sz	159652	100.0	3.0	有色基金	23040.503437519073	sz	etf_cn
159653	sz	159653	100.0	3.0	ESG300	29696.50187498331	sz	etf_cn
159655	sz	159655	100.0	3.0	标普ETF	1.1510000228881836	sz	etf_cn
159656	sz	159656	100.0	3.0	300成长	25856.503468751907	sz	etf_cn
159657	sz	159657	100.0	3.0	生物疫苗	20480.502499997616	sz	etf_cn
159658	sz	159658	100.0	3.0	数字经济	1.1269999742507935	sz	etf_cn
159659	sz	159659	100.0	3.0	纳指	1.2000000476837158	sz	etf_cn
159660	sz	159660	100.0	3.0	纳指100	1.1979999542236328	sz	etf_cn
159662	sz	159662	100.0	3.0	交运ETF	29440.502781271935	sz	etf_cn
159663	sz	159663	100.0	3.0	机床ETF	1.0490000247955322	sz	etf_cn
159665	sz	159665	100.0	3.0	芯片龙头	1.0399999618530273	sz	etf_cn
159666	sz	159666	100.0	3.0	交通运输	27648.502125024796	sz	etf_cn
159667	sz	159667	100.0	3.0	工业母机	1.0299999713897705	sz	etf_cn
159669	sz	159669	100.0	3.0	绿电ETF	1.0190000534057617	sz	etf_cn
159670	sz	159670	100.0	3.0	消费基金	30464.503156244755	sz	etf_cn
159671	sz	159671	100.0	3.0	稀金属	21248.502781271935	sz	etf_cn
159672	sz	159672	100.0	3.0	主要消费	25088.500187516212	sz	etf_cn
159673	sz	159673	100.0	3.0	鹏华沪深	5.877471754111438e-39	sz	etf_cn
159675	sz	159675	100.0	3.0	创业增强	24320.50090622902	sz	etf_cn
159676	sz	159676	100.0	3.0	创业板增	26880.50084376335	sz	etf_cn
159677	sz	159677	100.0	3.0	1000增强	1.0379999876022339	sz	etf_cn
159678	sz	159678	100.0	3.0	500指增	29440.50378125906	sz	etf_cn
159679	sz	159679	100.0	3.0	1000增	29184.503687500954	sz	etf_cn
159680	sz	159680	100.0	3.0	1000指增	1.0369999408721924	sz	etf_cn
159681	sz	159681	100.0	3.0	创50ETF	26112.50256252289	sz	etf_cn
159682	sz	159682	100.0	3.0	创业五零	25600.50137501955	sz	etf_cn
159683	sz	159683	100.0	3.0	运输ETF	28160.502312481403	sz	etf_cn
159685	sz	159685	100.0	3.0	1000策略	32512.50190627575	sz	etf_cn
159686	sz	159686	100.0	3.0	ZZ100	32768.5	sz	etf_cn
159687	sz	159687	100.0	3.0	亚太低碳	1.090000033378601	sz	etf_cn
159688	sz	159688	100.0	3.0	恒生互联	23296.50353127718	sz	etf_cn
159689	sz	159689	100.0	3.0	消费NF	25088.501187503338	sz	etf_cn
159690	sz	159690	100.0	3.0	矿业ETF	5.877471754111438e-39	sz	etf_cn
159691	sz	159691	100.0	3.0	高股息HK	29440.50378125906	sz	etf_cn
159692	sz	159692	100.0	3.0	证券30	28160.500312507153	sz	etf_cn
159695	sz	159695	100.0	3.0	通信ETF	1.0959999561309814	sz	etf_cn
159696	sz	159696	100.0	3.0	纳100ET	32768.5	sz	etf_cn
159697	sz	159697	100.0	3.0	油气ETF	29440.50378125906	sz	etf_cn
159698	sz	159698	100.0	3.0	粮食ETF	5.877471754111438e-39	sz	etf_cn
159701	sz	159701	100.0	3.0	物联50	18432.500750005245	sz	etf_cn
159703	sz	159703	100.0	3.0	新材料	18176.50265622139	sz	etf_cn
159706	sz	159706	100.0	3.0	深100E	14336.50024998188	sz	etf_cn
159707	sz	159707	100.0	3.0	地产ETF	19712.502218723297	sz	etf_cn
159708	sz	159708	100.0	3.0	红利ETF	15872.502812504768	sz	etf_cn
159709	sz	159709	100.0	3.0	物联基金	24064.500812470913	sz	etf_cn
159710	sz	159710	100.0	3.0	智能电车	10496.500843763351	sz	etf_cn
159711	sz	159711	100.0	3.0	港股50	29952.501968741417	sz	etf_cn
159712	sz	159712	100.0	3.0	港股通50	26624.50174999237	sz	etf_cn
159713	sz	159713	100.0	3.0	稀土ETF	17408.502375006676	sz	etf_cn
159715	sz	159715	100.0	3.0	稀土	12032.50240623951	sz	etf_cn
159716	sz	159716	100.0	3.0	深创100	16128.502906262875	sz	etf_cn
159717	sz	159717	100.0	3.0	ESGETF	22784.50134372711	sz	etf_cn
159718	sz	159718	100.0	3.0	港股医药	15104.50253123045	sz	etf_cn
159719	sz	159719	100.0	3.0	开放共赢	1.3179999589920044	sz	etf_cn
159720	sz	159720	100.0	3.0	智能车TK	12288.502499997616	sz	etf_cn
159721	sz	159721	100.0	3.0	深创ETF	15360.502624988556	sz	etf_cn
159723	sz	159723	100.0	3.0	科技龙头	13824.503062486649	sz	etf_cn
159725	sz	159725	100.0	3.0	线上消费	28416.50240623951	sz	etf_cn
159726	sz	159726	100.0	3.0	恒生红利	22272.500156223774	sz	etf_cn
159728	sz	159728	100.0	3.0	在线消费	30464.503156244755	sz	etf_cn
159729	sz	159729	100.0	3.0	互联ETF	13312.503875017166	sz	etf_cn
159730	sz	159730	100.0	3.0	家电龙头	26880.50084376335	sz	etf_cn
159731	sz	159731	100.0	3.0	石化ETF	13312.500874996185	sz	etf_cn
159732	sz	159732	100.0	3.0	消费电子	11264.502125024796	sz	etf_cn
159733	sz	159733	100.0	3.0	消电ETF	16384.5	sz	etf_cn
159735	sz	159735	100.0	3.0	港股消费	8192.5	sz	etf_cn
159736	sz	159736	100.0	3.0	饮食ETF	22272.50215625763	sz	etf_cn
159738	sz	159738	100.0	3.0	云50ETF	1.0809999704360962	sz	etf_cn
159739	sz	159739	100.0	3.0	大数据	1.1519999504089355	sz	etf_cn
159740	sz	159740	100.0	3.0	恒生科技	2048.503750026226	sz	etf_cn
159741	sz	159741	100.0	3.0	港股科技	2304.501843750477	sz	etf_cn
159742	sz	159742	100.0	3.0	恒指科技	2816.5030312538147	sz	etf_cn
159743	sz	159743	100.0	3.0	湖北ETF	26112.501562476158	sz	etf_cn
159745	sz	159745	100.0	3.0	建材ETF	12800.503687500954	sz	etf_cn
159747	sz	159747	100.0	3.0	香港科技	1.031999945640564	sz	etf_cn
159748	sz	159748	100.0	3.0	AH创新药	6912.500531256199	sz	etf_cn
159750	sz	159750	100.0	3.0	科技HK50	17152.503281235695	sz	etf_cn
159751	sz	159751	100.0	3.0	港科技	13824.502062499523	sz	etf_cn
159752	sz	159752	100.0	3.0	新能源50	10752.502937495708	sz	etf_cn
159755	sz	159755	100.0	3.0	电池ETF	19456.50312501192	sz	etf_cn
159756	sz	159756	100.0	3.0	BOCI电池	5.877471754111438e-39	sz	etf_cn
159757	sz	159757	100.0	3.0	电池30	9728.501562476158	sz	etf_cn
159758	sz	159758	100.0	3.0	红利50	26624.50174999237	sz	etf_cn
159760	sz	159760	100.0	3.0	公卫健康	12032.500406265259	sz	etf_cn
159761	sz	159761	100.0	3.0	新材ETF	8704.500187516212	sz	etf_cn
159763	sz	159763	100.0	3.0	新材料50	7680.501812517643	sz	etf_cn
159766	sz	159766	100.0	3.0	旅游ETF	24320.50190627575	sz	etf_cn
159767	sz	159767	100.0	3.0	电池龙头	9472.502468764782	sz	etf_cn
159768	sz	159768	100.0	3.0	地产龙头	15360.503624975681	sz	etf_cn
159769	sz	159769	100.0	3.0	电子消费	17408.50137501955	sz	etf_cn
159770	sz	159770	100.0	3.0	机器人AI	25344.503281235695	sz	etf_cn
159773	sz	159773	100.0	3.0	创科技	16640.500093758106	sz	etf_cn
159775	sz	159775	100.0	3.0	电池新能	11520.501218736172	sz	etf_cn
159776	sz	159776	100.0	3.0	医药港股	32768.50300002098	sz	etf_cn
159777	sz	159777	100.0	3.0	创科技E	15104.501531243324	sz	etf_cn
159778	sz	159778	100.0	3.0	工业互联	23296.50353127718	sz	etf_cn
159779	sz	159779	100.0	3.0	消电50	10752.501937508583	sz	etf_cn
159780	sz	159780	100.0	3.0	双创ETF	4096.502499997616	sz	etf_cn
159781	sz	159781	100.0	3.0	科创创业	3840.5024062395096	sz	etf_cn
159782	sz	159782	100.0	3.0	双创50	4096.500500023365	sz	etf_cn
159783	sz	159783	100.0	3.0	双创基金	4352.500593721867	sz	etf_cn
159786	sz	159786	100.0	3.0	VRETF	17920.50256252289	sz	etf_cn
159787	sz	159787	100.0	3.0	建筑材料	17920.500562489033	sz	etf_cn
159788	sz	159788	100.0	3.0	港股中国	28160.500312507153	sz	etf_cn
159789	sz	159789	100.0	3.0	饮料ETF	18176.50065624714	sz	etf_cn
159790	sz	159790	100.0	3.0	碳中和	13568.501968741417	sz	etf_cn
159791	sz	159791	100.0	3.0	300ESG	25088.501187503338	sz	etf_cn
159792	sz	159792	100.0	3.0	互联网	7936.501906275749	sz	etf_cn
159793	sz	159793	100.0	3.0	线上ETF	24832.500093758106	sz	etf_cn
159795	sz	159795	100.0	3.0	智能车辆	23296.501531243324	sz	etf_cn
159796	sz	159796	100.0	3.0	电池	16640.503093779087	sz	etf_cn
159797	sz	159797	100.0	3.0	医疗器材	27904.500218749046	sz	etf_cn
159798	sz	159798	100.0	3.0	消费50	29184.500687479973	sz	etf_cn
159799	sz	159799	100.0	3.0	港股通消	5.877471754111438e-39	sz	etf_cn
159801	sz	159801	100.0	3.0	芯片基金	1.0369999408721924	sz	etf_cn
159804	sz	159804	100.0	3.0	创精选88	1.2430000305175781	sz	etf_cn
159805	sz	159805	100.0	3.0	传媒ETF	1.2339999675750732	sz	etf_cn
159806	sz	159806	100.0	3.0	新能车	9728.500562489033	sz	etf_cn
159807	sz	159807	100.0	3.0	科技ETF	4352.502593755722	sz	etf_cn
159808	sz	159808	100.0	3.0	创业板RT	20736.503593742847	sz	etf_cn
159810	sz	159810	100.0	3.0	浦银创业	23808.502718746662	sz	etf_cn
159811	sz	159811	100.0	3.0	5G50ET	1.0829999446868896	sz	etf_cn
159812	sz	159812	100.0	3.0	黄金基金	4.3480000495910645	sz	etf_cn
159813	sz	159813	100.0	3.0	芯片	11008.500031232834	sz	etf_cn
159814	sz	159814	100.0	3.0	创业大盘	0.40400001406669617	sz	etf_cn
159816	sz	159816	100.0	3.0	0-4地债	106.16999816894531	sz	etf_cn
159819	sz	159819	100.0	3.0	AI智能	26368.501656234264	sz	etf_cn
159820	sz	159820	100.0	3.0	500ETF	30464.501156270504	sz	etf_cn
159821	sz	159821	100.0	3.0	BOCI创业	19712.502218723297	sz	etf_cn
159822	sz	159822	100.0	3.0	新经济	8192.50300002098	sz	etf_cn
159823	sz	159823	100.0	3.0	H股50ET	12544.502593755722	sz	etf_cn
159824	sz	159824	100.0	3.0	新能汽车	30976.503343760967	sz	etf_cn
159825	sz	159825	100.0	3.0	农业ETF	16384.50300002098	sz	etf_cn
159827	sz	159827	100.0	3.0	农业50	18944.500937521458	sz	etf_cn
159828	sz	159828	100.0	3.0	医疗ETF	1280.5034687519073	sz	etf_cn
159830	sz	159830	100.0	3.0	上海金	4.26200008392334	sz	etf_cn
159831	sz	159831	100.0	3.0	黄金	4.4039998054504395	sz	etf_cn
159834	sz	159834	100.0	3.0	金ETF	4.533999919891357	sz	etf_cn
159835	sz	159835	100.0	3.0	创新药业	8448.503093779087	sz	etf_cn
159836	sz	159836	100.0	3.0	创300ET	20224.503406226635	sz	etf_cn
159837	sz	159837	100.0	3.0	生物科技	768.5022812485695	sz	etf_cn
159838	sz	159838	100.0	3.0	医药50	9472.502468764782	sz	etf_cn
159839	sz	159839	100.0	3.0	生物药	0.4339999854564667	sz	etf_cn
159840	sz	159840	100.0	3.0	锂电池50	8960.501281261444	sz	etf_cn
159841	sz	159841	100.0	3.0	证券ETF	18688.501843750477	sz	etf_cn
159842	sz	159842	100.0	3.0	券商ETF	21248.502781271935	sz	etf_cn
159843	sz	159843	100.0	3.0	食品饮料	16896.501187503338	sz	etf_cn
159845	sz	159845	100.0	3.0	中证1000	2498.01362490654	sz	etf_cn
159847	sz	159847	100.0	3.0	中证医疗	0.4790000021457672	sz	etf_cn
159848	sz	159848	100.0	3.0	证券公司	13056.502781271935	sz	etf_cn
159849	sz	159849	100.0	3.0	生物ETF	3072.5011249780655	sz	etf_cn
159850	sz	159850	100.0	3.0	H股50	8448.501093745232	sz	etf_cn
159851	sz	159851	100.0	3.0	金科ETF	1.1519999504089355	sz	etf_cn
159852	sz	159852	100.0	3.0	软件ETF	32256.503812491894	sz	etf_cn
159853	sz	159853	100.0	3.0	科技100	26880.502843737602	sz	etf_cn
159855	sz	159855	100.0	3.0	影视ETF	29952.502968728542	sz	etf_cn
159856	sz	159856	100.0	3.0	互联网50	6400.500343739986	sz	etf_cn
159857	sz	159857	100.0	3.0	光伏ETF	1.0360000133514404	sz	etf_cn
159858	sz	159858	100.0	3.0	创新药指	8448.502093732357	sz	etf_cn
159859	sz	159859	100.0	3.0	生物药30	0.46000000834465027	sz	etf_cn
159861	sz	159861	100.0	3.0	环保ETF	1.1030000448226929	sz	etf_cn
159862	sz	159862	100.0	3.0	食品ETF	19712.503218770027	sz	etf_cn
159863	sz	159863	100.0	3.0	光伏产业	20480.50150001049	sz	etf_cn
159864	sz	159864	100.0	3.0	光伏50	17920.500562489033	sz	etf_cn
159865	sz	159865	100.0	3.0	养殖ETF	12032.500406265259	sz	etf_cn
159866	sz	159866	100.0	3.0	日经ETF	29440.50378125906	sz	etf_cn
159867	sz	159867	100.0	3.0	畜牧ETF	12288.500500023365	sz	etf_cn
159869	sz	159869	100.0	3.0	游戏ETF	1.4980000257492065	sz	etf_cn
159870	sz	159870	100.0	3.0	化工ETF	10752.501937508583	sz	etf_cn
159871	sz	159871	100.0	3.0	有色金属	1.031000018119812	sz	etf_cn
159872	sz	159872	100.0	3.0	车联网	26368.50065624714	sz	etf_cn
159873	sz	159873	100.0	3.0	医疗设备	13056.502781271935	sz	etf_cn
159875	sz	159875	100.0	3.0	新能源	10752.501937508583	sz	etf_cn
159876	sz	159876	100.0	3.0	有色	1.065999984741211	sz	etf_cn
159877	sz	159877	100.0	3.0	医保ETF	15616.500718772411	sz	etf_cn
159880	sz	159880	100.0	3.0	有色50	32512.50090622902	sz	etf_cn
159881	sz	159881	100.0	3.0	有色60	30720.50125002861	sz	etf_cn
159883	sz	159883	100.0	3.0	医疗器械	6400.503343760967	sz	etf_cn
159885	sz	159885	100.0	3.0	低碳ETF	15104.50253123045	sz	etf_cn
159886	sz	159886	100.0	3.0	机械ETF	28672.502499997616	sz	etf_cn
159887	sz	159887	100.0	3.0	银行ETF	24320.50190627575	sz	etf_cn
159888	sz	159888	100.0	3.0	智能车	32256.500812470913	sz	etf_cn
159889	sz	159889	100.0	3.0	智车ETF	24320.50190627575	sz	etf_cn
159890	sz	159890	100.0	3.0	云ETF	1.2280000448226929	sz	etf_cn
159891	sz	159891	100.0	3.0	医疗	3584.5033125281334	sz	etf_cn
159892	sz	159892	100.0	3.0	恒生生物	3328.502218723297	sz	etf_cn
159895	sz	159895	100.0	3.0	物联网50	21760.501968741417	sz	etf_cn
159896	sz	159896	100.0	3.0	物联龙头	18176.50265622139	sz	etf_cn
159898	sz	159898	100.0	3.0	器械ETF	7424.501718759537	sz	etf_cn
159899	sz	159899	100.0	3.0	软件龙头	29184.503687500954	sz	etf_cn
159901	sz	159901	100.0	3.0	深100ET	3394.0078749656677	sz	etf_cn
159902	sz	159902	100.0	3.0	中小100	6594.014625072479	sz	etf_cn
159903	sz	159903	100.0	3.0	深成ETF	1.2860000133514404	sz	etf_cn
159905	sz	159905	100.0	3.0	深红利	1.909999966621399	sz	etf_cn
159906	sz	159906	100.0	3.0	深成长	29440.50378125906	sz	etf_cn
159907	sz	159907	100.0	3.0	2000ET	1.5299999713897705	sz	etf_cn
159908	sz	159908	100.0	3.0	创业板BS	1.9819999933242798	sz	etf_cn
159909	sz	159909	100.0	3.0	TMT50E	10240.503750026226	sz	etf_cn
159910	sz	159910	100.0	3.0	深F120	66.00037503242493	sz	etf_cn
159912	sz	159912	100.0	3.0	深300ET	1.4730000495910645	sz	etf_cn
159913	sz	159913	100.0	3.0	深价值	194.00012493133545	sz	etf_cn
159915	sz	159915	100.0	3.0	创业板	514.0039999485016	sz	etf_cn
159916	sz	159916	100.0	3.0	深F60ET	4.465000152587891	sz	etf_cn
159918	sz	159918	100.0	3.0	中创400	1.8969999551773071	sz	etf_cn
159919	sz	159919	100.0	3.0	300ETF	7874.006124973297	sz	etf_cn
159920	sz	159920	100.0	3.0	恒生ETF	1.1160000562667847	sz	etf_cn
159922	sz	159922	100.0	3.0	500ETF	6.14900016784668	sz	etf_cn
159923	sz	159923	100.0	3.0	D100ET	1.6720000505447388	sz	etf_cn
159925	sz	159925	100.0	3.0	南方300	1.9019999504089355	sz	etf_cn
159928	sz	159928	100.0	3.0	消费ETF	27648.50312501192	sz	etf_cn
159929	sz	159929	100.0	3.0	医药ETF	1.5010000467300415	sz	etf_cn
159930	sz	159930	100.0	3.0	能源ETF	1.149999976158142	sz	etf_cn
159931	sz	159931	100.0	3.0	金融ETF	1.4160000085830688	sz	etf_cn
159933	sz	159933	100.0	3.0	金地ETF	578.0073750019073	sz	etf_cn
159934	sz	159934	100.0	3.0	黄金ETF	4.297999858856201	sz	etf_cn
159935	sz	159935	100.0	3.0	景顺500	1.8350000381469727	sz	etf_cn
159936	sz	159936	100.0	3.0	可选消费	1.6929999589920044	sz	etf_cn
159937	sz	159937	100.0	3.0	黄金9999	4.335000038146973	sz	etf_cn
159938	sz	159938	100.0	3.0	医药	14592.503343760967	sz	etf_cn
159939	sz	159939	100.0	3.0	信息技术	5888.501156270504	sz	etf_cn
159940	sz	159940	100.0	3.0	金融	25856.503468751907	sz	etf_cn
159941	sz	159941	100.0	3.0	纳指ETF	21248.50378125906	sz	etf_cn
159943	sz	159943	100.0	3.0	深证ETF	1.121999979019165	sz	etf_cn
159944	sz	159944	100.0	3.0	材料ETF	28928.501593768597	sz	etf_cn
159945	sz	159945	100.0	3.0	能源	30208.50306248665	sz	etf_cn
159948	sz	159948	100.0	3.0	创业板EF	1410.0002501010895	sz	etf_cn
159949	sz	159949	100.0	3.0	创业板50	27648.501124978065	sz	etf_cn
159952	sz	159952	100.0	3.0	创业ETF	1.2910000085830688	sz	etf_cn
159954	sz	159954	100.0	3.0	H股ETF	13312.502874970436	sz	etf_cn
159956	sz	159956	100.0	3.0	创业板F	1.3309999704360962	sz	etf_cn
159957	sz	159957	100.0	3.0	创业板HX	1.3940000534057617	sz	etf_cn
159958	sz	159958	100.0	3.0	创业板ET	1.281000018119812	sz	etf_cn
159959	sz	159959	100.0	3.0	央企ETF	1.3869999647140503	sz	etf_cn
159960	sz	159960	100.0	3.0	恒生国企	13312.502874970436	sz	etf_cn
159961	sz	159961	100.0	3.0	深100	1.684999942779541	sz	etf_cn
159964	sz	159964	100.0	3.0	创业板PA	1.3730000257492065	sz	etf_cn
159965	sz	159965	100.0	3.0	央视50	1.3179999589920044	sz	etf_cn
159966	sz	159966	100.0	3.0	创价值	0.4819999933242798	sz	etf_cn
159967	sz	159967	100.0	3.0	创成长	1792.500656247139	sz	etf_cn
159968	sz	159968	100.0	3.0	ZZ500E	7.00600004196167	sz	etf_cn
159969	sz	159969	100.0	3.0	深100P	1.2209999561309814	sz	etf_cn
159970	sz	159970	100.0	3.0	深100ET	4.818999767303467	sz	etf_cn
159971	sz	159971	100.0	3.0	创业100	1.4869999885559082	sz	etf_cn
159972	sz	159972	100.0	3.0	5年地债	114.83999633789062	sz	etf_cn
159973	sz	159973	100.0	3.0	民企100	1.3389999866485596	sz	etf_cn
159974	sz	159974	100.0	3.0	央企创新	1.4769999980926514	sz	etf_cn
159975	sz	159975	100.0	3.0	深100SZ	4352.503593742847	sz	etf_cn
159976	sz	159976	100.0	3.0	湾创ETF	31744.50362497568	sz	etf_cn
159977	sz	159977	100.0	3.0	创业板TH	898.0032498836517	sz	etf_cn
159980	sz	159980	100.0	3.0	有色ETF	1.5019999742507935	sz	etf_cn
159981	sz	159981	100.0	3.0	能源化工	1.444000005722046	sz	etf_cn
159982	sz	159982	100.0	3.0	中证500	1.4390000104904175	sz	etf_cn
159983	sz	159983	100.0	3.0	大湾区	1.0859999656677246	sz	etf_cn
159984	sz	159984	100.0	3.0	湾区基金	32768.5039999485	sz	etf_cn
159985	sz	159985	100.0	3.0	豆粕ETF	1.8880000114440918	sz	etf_cn
159987	sz	159987	100.0	3.0	创新ETF	1.468999981880188	sz	etf_cn
159990	sz	159990	100.0	3.0	小盘价值	1.2330000400543213	sz	etf_cn
159991	sz	159991	100.0	3.0	创大盘	0.4429999887943268	sz	etf_cn
159992	sz	159992	100.0	3.0	创新药	20224.50240623951	sz	etf_cn
159993	sz	159993	100.0	3.0	龙头券商	28160.503312528133	sz	etf_cn
159994	sz	159994	100.0	3.0	5GETF	23552.500625014305	sz	etf_cn
159995	sz	159995	100.0	3.0	芯片ETF	1.0390000343322754	sz	etf_cn
159996	sz	159996	100.0	3.0	家电ETF	1.1690000295639038	sz	etf_cn
159997	sz	159997	100.0	3.0	电子ETF	30976.502343773842	sz	etf_cn
159998	sz	159998	100.0	3.0	计算机	32256.503812491894	sz	etf_cn
510010	sh	510010	100.0	3.0	治理ETF	1.3880000114440918	sh	etf_cn
510020	sh	510020	100.0	3.0	超大ETF	2754.014125108719	sh	etf_cn
510030	sh	510030	100.0	3.0	价值ETF	19200.50203126669	sh	etf_cn
510050	sh	510050	100.0	3.0	50ETF	2178.0037500858307	sh	etf_cn
510060	sh	510060	100.0	3.0	央企ETF	66.01037502288818	sh	etf_cn
510090	sh	510090	100.0	3.0	ESG建信	1090.0093750953674	sh	etf_cn
510100	sh	510100	100.0	3.0	SZ50ET	1.2669999599456787	sh	etf_cn
510110	sh	510110	100.0	3.0	周期ETF	6722.001374959946	sh	etf_cn
510120	sh	510120	100.0	3.0	非周ETF	6210.006375074387	sh	etf_cn
510130	sh	510130	100.0	3.0	中盘ETF	5.39900016784668	sh	etf_cn
510150	sh	510150	100.0	3.0	消费ETF	4096.503499984741	sh	etf_cn
510160	sh	510160	100.0	3.0	产业升级	14848.501437485218	sh	etf_cn
510170	sh	510170	100.0	3.0	商品ETF	18944.50293749571	sh	etf_cn
510180	sh	510180	100.0	3.0	180ETF	5762.009749889374	sh	etf_cn
510190	sh	510190	100.0	3.0	上证50基	5634.0090000629425	sh	etf_cn
510200	sh	510200	100.0	3.0	上证券商	32000.501718759537	sh	etf_cn
510210	sh	510210	100.0	3.0	综指ETF	24064.50281250477	sh	etf_cn
510230	sh	510230	100.0	3.0	金融ETF	30464.50215625763	sh	etf_cn
510270	sh	510270	100.0	3.0	国企ETF	1.2120000123977661	sh	etf_cn
510290	sh	510290	100.0	3.0	380ETF	1.9850000143051147	sh	etf_cn
510300	sh	510300	100.0	3.0	300ETF	7554.015249967575	sh	etf_cn
510310	sh	510310	100.0	3.0	HS300E	1.840999960899353	sh	etf_cn
510330	sh	510330	100.0	3.0	华夏300	7618.005625009537	sh	etf_cn
510350	sh	510350	100.0	3.0	工银300	4.060999870300293	sh	etf_cn
510360	sh	510360	100.0	3.0	广发300	1.3700000047683716	sh	etf_cn
510370	sh	510370	100.0	3.0	兴业300	20736.503593742847	sh	etf_cn
510380	sh	510380	100.0	3.0	国寿300	1.0579999685287476	sh	etf_cn
510390	sh	510390	100.0	3.0	平安300	8130.003624916077	sh	etf_cn
510410	sh	510410	100.0	3.0	资源ETF	1.065000057220459	sh	etf_cn
510500	sh	510500	100.0	3.0	500ETF	6.021999835968018	sh	etf_cn
510510	sh	510510	100.0	3.0	广发500	1.815999984741211	sh	etf_cn
510530	sh	510530	100.0	3.0	工银500	6.163000106811523	sh	etf_cn
510550	sh	510550	100.0	3.0	方正500	1.4819999933242798	sh	etf_cn
510560	sh	510560	100.0	3.0	国寿500	1.340000033378601	sh	etf_cn
510570	sh	510570	100.0	3.0	兴业500	25856.503468751907	sh	etf_cn
510580	sh	510580	100.0	3.0	ZZ500E	14080.503156244755	sh	etf_cn
510590	sh	510590	100.0	3.0	平安500	6.199999809265137	sh	etf_cn
510600	sh	510600	100.0	3.0	沪50ETF	4354.015500068665	sh	etf_cn
510630	sh	510630	100.0	3.0	消费30	1.0420000553131104	sh	etf_cn
510650	sh	510650	100.0	3.0	金融行业	1.9800000190734863	sh	etf_cn
510660	sh	510660	100.0	3.0	医药行业	1922.0132501125336	sh	etf_cn
510680	sh	510680	100.0	3.0	万家50	1986.0006248950958	sh	etf_cn
510710	sh	510710	100.0	3.0	上50ETF	5122.003000020981	sh	etf_cn
510760	sh	510760	100.0	3.0	上证ETF	1.0479999780654907	sh	etf_cn
510770	sh	510770	100.0	3.0	G60创新	13312.500874996185	sh	etf_cn
510800	sh	510800	100.0	3.0	上证50	1.097000002861023	sh	etf_cn
510810	sh	510810	100.0	3.0	上海国企	19200.503031253815	sh	etf_cn
510850	sh	510850	100.0	3.0	工银上50	2946.0092499256134	sh	etf_cn
510880	sh	510880	100.0	3.0	红利ETF	3778.011125087738	sh	etf_cn
510900	sh	510900	100.0	3.0	H股ETF	19456.50312501192	sh	etf_cn
510990	sh	510990	100.0	3.0	ESG180	20480.50349998474	sh	etf_cn
511010	sh	511010	100.0	3.0	国债ETF	131.3509979248047	sh	etf_cn
511020	sh	511020	100.0	3.0	活跃国债	109.22200012207031	sh	etf_cn
511030	sh	511030	100.0	3.0	公司债	632.0614995956421	sh	etf_cn
511060	sh	511060	100.0	3.0	5年地债	102.78700256347656	sh	etf_cn
511090	sh	511090	100.0	3.0	30年国债	100.81999969482422	sh	etf_cn
511180	sh	511180	100.0	3.0	上证转债	664.0065002441406	sh	etf_cn
511220	sh	511220	100.0	3.0	城投ETF	472.01350021362305	sh	etf_cn
511260	sh	511260	100.0	3.0	十年国债	122.03099822998047	sh	etf_cn
511270	sh	511270	100.0	3.0	10年地债	108.90899658203125	sh	etf_cn
511360	sh	511360	100.0	3.0	短融ETF	107.42900085449219	sh	etf_cn
511380	sh	511380	100.0	3.0	转债ETF	856.0024995803833	sh	etf_cn
511520	sh	511520	100.0	3.0	政金债	102.3550033569336	sh	etf_cn
511580	sh	511580	100.0	3.0	政金债基	102.50199890136719	sh	etf_cn
511600	sh	511600	100.0	3.0	货币ETF	99.99500274658203	sh	etf_cn
511620	sh	511620	100.0	3.0	货币基金	99.96199798583984	sh	etf_cn
511650	sh	511650	100.0	3.0	华夏快线	99.99500274658203	sh	etf_cn
511660	sh	511660	100.0	3.0	建信添益	99.9739990234375	sh	etf_cn
511670	sh	511670	100.0	3.0	华泰天金	99.97899627685547	sh	etf_cn
511690	sh	511690	100.0	3.0	交易货币	99.98400115966797	sh	etf_cn
511700	sh	511700	100.0	3.0	场内货币	99.96900177001953	sh	etf_cn
511770	sh	511770	100.0	3.0	金鹰增益	100.0	sh	etf_cn
511800	sh	511800	100.0	3.0	易货币	99.99099731445312	sh	etf_cn
511810	sh	511810	100.0	3.0	理财金H	99.96900177001953	sh	etf_cn
511820	sh	511820	100.0	3.0	鹏华添利	99.95500183105469	sh	etf_cn
511830	sh	511830	100.0	3.0	华泰货币	99.97100067138672	sh	etf_cn
511850	sh	511850	100.0	3.0	财富宝E	99.95700073242188	sh	etf_cn
511860	sh	511860	100.0	3.0	博时货币	99.9990005493164	sh	etf_cn
511880	sh	511880	100.0	3.0	银华日利	100.94000244140625	sh	etf_cn
511900	sh	511900	100.0	3.0	富国货币	99.98799896240234	sh	etf_cn
511910	sh	511910	100.0	3.0	融通货币	99.91100311279297	sh	etf_cn
511920	sh	511920	100.0	3.0	广发货币	99.96600341796875	sh	etf_cn
511930	sh	511930	100.0	3.0	中融日盈	99.97599792480469	sh	etf_cn
511950	sh	511950	100.0	3.0	广发添利	99.94200134277344	sh	etf_cn
511960	sh	511960	100.0	3.0	嘉实快线	99.99500274658203	sh	etf_cn
511970	sh	511970	100.0	3.0	国寿货币	99.9800033569336	sh	etf_cn
511980	sh	511980	100.0	3.0	现金添富	100.00900268554688	sh	etf_cn
511990	sh	511990	100.0	3.0	华宝添益	99.9739990234375	sh	etf_cn
512000	sh	512000	100.0	3.0	券商ETF	21248.50378125906	sh	etf_cn
512010	sh	512010	100.0	3.0	医药ETF	0.42100000381469727	sh	etf_cn
512040	sh	512040	100.0	3.0	国信价值	1.8320000171661377	sh	etf_cn
512070	sh	512070	100.0	3.0	证券保险	7424.501718759537	sh	etf_cn
512090	sh	512090	100.0	3.0	MSCI易基	1.4600000381469727	sh	etf_cn
512100	sh	512100	100.0	3.0	1000ET	2498.0086250305176	sh	etf_cn
512120	sh	512120	100.0	3.0	医药50	0.47200000286102295	sh	etf_cn
512150	sh	512150	100.0	3.0	A50ETF	1.4500000476837158	sh	etf_cn
512160	sh	512160	100.0	3.0	MSCI基金	1.1169999837875366	sh	etf_cn
512170	sh	512170	100.0	3.0	医疗ETF	0.4189999997615814	sh	etf_cn
512180	sh	512180	100.0	3.0	建信MSCI	1.3550000190734863	sh	etf_cn
512190	sh	512190	100.0	3.0	之江凤凰	1.725000023841858	sh	etf_cn
512200	sh	512200	100.0	3.0	地产ETF	6912.501531243324	sh	etf_cn
512220	sh	512220	100.0	3.0	TMTETF	1.5809999704360962	sh	etf_cn
512260	sh	512260	100.0	3.0	500低波	1.5440000295639038	sh	etf_cn
512280	sh	512280	100.0	3.0	景顺MSCI	1.4129999876022339	sh	etf_cn
512290	sh	512290	100.0	3.0	生物医药	1.093999981880188	sh	etf_cn
512320	sh	512320	100.0	3.0	工银MSCI	23552.502624988556	sh	etf_cn
512330	sh	512330	100.0	3.0	信息ETF	30208.500062525272	sh	etf_cn
512360	sh	512360	100.0	3.0	MSCI国际	1.4520000219345093	sh	etf_cn
512380	sh	512380	100.0	3.0	MSCI中国	1.2660000324249268	sh	etf_cn
512390	sh	512390	100.0	3.0	MSCI低波	1.2020000219345093	sh	etf_cn
512400	sh	512400	100.0	3.0	有色ETF	1.0210000276565552	sh	etf_cn
512480	sh	512480	100.0	3.0	半导体	25088.502187490463	sh	etf_cn
512500	sh	512500	100.0	3.0	中证500	4866.012500047684	sh	etf_cn
512510	sh	512510	100.0	3.0	ETF500	1.6019999980926514	sh	etf_cn
512520	sh	512520	100.0	3.0	MSCIET	1.1369999647140503	sh	etf_cn
512530	sh	512530	100.0	3.0	300红利	1.215000033378601	sh	etf_cn
512550	sh	512550	100.0	3.0	A50基金	1.3380000591278076	sh	etf_cn
512560	sh	512560	100.0	3.0	中证军工	10240.502749979496	sh	etf_cn
512570	sh	512570	100.0	3.0	中证证券	23552.500625014305	sh	etf_cn
512580	sh	512580	100.0	3.0	碳中和	1.2300000190734863	sh	etf_cn
512600	sh	512600	100.0	3.0	必选消费	18432.500750005245	sh	etf_cn
512640	sh	512640	100.0	3.0	金融地产	1.7730000019073486	sh	etf_cn
512650	sh	512650	100.0	3.0	长三角	31232.503437519073	sh	etf_cn
512660	sh	512660	100.0	3.0	军工ETF	1.1030000448226929	sh	etf_cn
512670	sh	512670	100.0	3.0	国防ETF	19456.50312501192	sh	etf_cn
512680	sh	512680	100.0	3.0	军工基金	1.13100004196167	sh	etf_cn
512690	sh	512690	100.0	3.0	酒ETF	17408.50137501955	sh	etf_cn
512700	sh	512700	100.0	3.0	银行基金	1.128999948501587	sh	etf_cn
512710	sh	512710	100.0	3.0	军工龙头	12032.501406252384	sh	etf_cn
512720	sh	512720	100.0	3.0	计算机	1.3029999732971191	sh	etf_cn
512730	sh	512730	100.0	3.0	银行FUND	1.097000002861023	sh	etf_cn
512750	sh	512750	100.0	3.0	基本面50	1.1510000228881836	sh	etf_cn
512760	sh	512760	100.0	3.0	芯片ETF	32768.50699996948	sh	etf_cn
512770	sh	512770	100.0	3.0	战略新兴	1.4270000457763672	sh	etf_cn
512800	sh	512800	100.0	3.0	银行ETF	1.065999984741211	sh	etf_cn
512810	sh	512810	100.0	3.0	国防军工	1.2450000047683716	sh	etf_cn
512820	sh	512820	100.0	3.0	银行股基	1.0789999961853027	sh	etf_cn
512830	sh	512830	100.0	3.0	战略新产	5.877471754111438e-39	sh	etf_cn
512870	sh	512870	100.0	3.0	杭州湾区	1.375	sh	etf_cn
512880	sh	512880	100.0	3.0	证券ETF	23552.50362497568	sh	etf_cn
512890	sh	512890	100.0	3.0	红利LV	26368.50365626812	sh	etf_cn
512900	sh	512900	100.0	3.0	证券基金	23552.500625014305	sh	etf_cn
512910	sh	512910	100.0	3.0	100ETF	1.1119999885559082	sh	etf_cn
512930	sh	512930	100.0	3.0	AIETF	1.371999979019165	sh	etf_cn
512950	sh	512950	100.0	3.0	央企改革	1.2940000295639038	sh	etf_cn
512960	sh	512960	100.0	3.0	央调ETF	1.253000020980835	sh	etf_cn
512970	sh	512970	100.0	3.0	湾区ETF	1.1480000019073486	sh	etf_cn
512980	sh	512980	100.0	3.0	传媒ETF	26112.501562476158	sh	etf_cn
512990	sh	512990	100.0	3.0	MSCIA股	1.5019999742507935	sh	etf_cn
513000	sh	513000	100.0	3.0	225ETF	1.2730000019073486	sh	etf_cn
513010	sh	513010	100.0	3.0	港股科技	2816.5030312538147	sh	etf_cn
513020	sh	513020	100.0	3.0	科技HK	17152.50028127432	sh	etf_cn
513030	sh	513030	100.0	3.0	德国ETF	1.24399995803833	sh	etf_cn
513040	sh	513040	100.0	3.0	HK互联网	1.0080000162124634	sh	etf_cn
513050	sh	513050	100.0	3.0	中概互联	32768.50300002098	sh	etf_cn
513060	sh	513060	100.0	3.0	恒生医疗	0.48100000619888306	sh	etf_cn
513070	sh	513070	100.0	3.0	HK消费50	31232.503437519073	sh	etf_cn
513080	sh	513080	100.0	3.0	法国ETF	1.5149999856948853	sh	etf_cn
513090	sh	513090	100.0	3.0	香港证券	1.0679999589920044	sh	etf_cn
513100	sh	513100	100.0	3.0	纳指ETF	1.0989999771118164	sh	etf_cn
513110	sh	513110	100.0	3.0	纳指100	1.2649999856948853	sh	etf_cn
513120	sh	513120	100.0	3.0	HK创新药	18432.50174999237	sh	etf_cn
513130	sh	513130	100.0	3.0	恒生科技	2304.5008437633514	sh	etf_cn
513140	sh	513140	100.0	3.0	港股金融	1.0190000534057617	sh	etf_cn
513150	sh	513150	100.0	3.0	港科技50	18432.50174999237	sh	etf_cn
513160	sh	513160	100.0	3.0	科技30	18176.50265622139	sh	etf_cn
513180	sh	513180	100.0	3.0	恒指科技	2304.5008437633514	sh	etf_cn
513200	sh	513200	100.0	3.0	港股医药	22272.50215625763	sh	etf_cn
513220	sh	513220	100.0	3.0	全球互联	25600.502375006676	sh	etf_cn
513230	sh	513230	100.0	3.0	H股消费	18432.503750026226	sh	etf_cn
513260	sh	513260	100.0	3.0	恒科技	1.0199999809265137	sh	etf_cn
513280	sh	513280	100.0	3.0	恒生生物	18944.500937521458	sh	etf_cn
513290	sh	513290	100.0	3.0	纳指生物	1.0809999704360962	sh	etf_cn
513300	sh	513300	100.0	3.0	纳斯达克	1.3730000257492065	sh	etf_cn
513310	sh	513310	100.0	3.0	中韩芯片	1.1829999685287476	sh	etf_cn
513320	sh	513320	100.0	3.0	HK新经济	29952.502968728542	sh	etf_cn
513330	sh	513330	100.0	3.0	恒生互联	0.4180000126361847	sh	etf_cn
513360	sh	513360	100.0	3.0	教育ETF	2048.502749979496	sh	etf_cn
513380	sh	513380	100.0	3.0	科技恒生	31744.502624988556	sh	etf_cn
513390	sh	513390	100.0	3.0	纳指基金	1.215999960899353	sh	etf_cn
513500	sh	513500	100.0	3.0	标普500	1.496000051498413	sh	etf_cn
513520	sh	513520	100.0	3.0	日经ETF	1.2610000371932983	sh	etf_cn
513530	sh	513530	100.0	3.0	港股红利	1.1230000257492065	sh	etf_cn
513550	sh	513550	100.0	3.0	港股通50	19712.50121873617	sh	etf_cn
513560	sh	513560	100.0	3.0	香港科技	26112.503562510014	sh	etf_cn
513580	sh	513580	100.0	3.0	HS科技	2304.5038437247276	sh	etf_cn
513590	sh	513590	100.0	3.0	香港消费	13568.502968728542	sh	etf_cn
513600	sh	513600	100.0	3.0	恒指ETF	514.0020000934601	sh	etf_cn
513650	sh	513650	100.0	3.0	标普ETF	1.1490000486373901	sh	etf_cn
513660	sh	513660	100.0	3.0	恒生ETF	770.006500005722	sh	etf_cn
513690	sh	513690	100.0	3.0	恒生股息	17664.501468777657	sh	etf_cn
513700	sh	513700	100.0	3.0	香港医药	512.5021874904633	sh	etf_cn
513770	sh	513770	100.0	3.0	港股互联	17408.5033749938	sh	etf_cn
513800	sh	513800	100.0	3.0	东证ETF	1.2339999675750732	sh	etf_cn
513860	sh	513860	100.0	3.0	HKC科技	0.492000013589859	sh	etf_cn
513880	sh	513880	100.0	3.0	日经225	1.2100000381469727	sh	etf_cn
513890	sh	513890	100.0	3.0	HK科技	18688.50084376335	sh	etf_cn
513900	sh	513900	100.0	3.0	港股100	22016.502062499523	sh	etf_cn
513950	sh	513950	100.0	3.0	恒生红利	1.0190000534057617	sh	etf_cn
513960	sh	513960	100.0	3.0	港股消费	1.1480000019073486	sh	etf_cn
513970	sh	513970	100.0	3.0	恒生消费	26880.50084376335	sh	etf_cn
513980	sh	513980	100.0	3.0	科技港股	0.4950000047683716	sh	etf_cn
513990	sh	513990	100.0	3.0	港股通综	22272.501156270504	sh	etf_cn
515000	sh	515000	100.0	3.0	科技ETF	1.312999963760376	sh	etf_cn
515010	sh	515010	100.0	3.0	华夏证券	31744.502624988556	sh	etf_cn
515020	sh	515020	100.0	3.0	华夏银基	1.1150000095367432	sh	etf_cn
515030	sh	515030	100.0	3.0	新汽车	1.50600004196167	sh	etf_cn
515050	sh	515050	100.0	3.0	5GETF	1.0460000038146973	sh	etf_cn
515060	sh	515060	100.0	3.0	华夏地产	18688.503843724728	sh	etf_cn
515070	sh	515070	100.0	3.0	AI智能	1.1510000228881836	sh	etf_cn
515080	sh	515080	100.0	3.0	中证红利	1.430999994277954	sh	etf_cn
515090	sh	515090	100.0	3.0	可持续	1.1419999599456787	sh	etf_cn
515100	sh	515100	100.0	3.0	红利100	1.7120000123977661	sh	etf_cn
515110	sh	515110	100.0	3.0	国企方达	1.3029999732971191	sh	etf_cn
515120	sh	515120	100.0	3.0	创新药	6656.502437472343	sh	etf_cn
515130	sh	515130	100.0	3.0	HS300E	1.1640000343322754	sh	etf_cn
515150	sh	515150	100.0	3.0	国企富国	1.2610000371932983	sh	etf_cn
515160	sh	515160	100.0	3.0	MSCI招商	1.2109999656677246	sh	etf_cn
515170	sh	515170	100.0	3.0	食品饮料	11776.502312481403	sh	etf_cn
515180	sh	515180	100.0	3.0	100红利	1.284000039100647	sh	etf_cn
515190	sh	515190	100.0	3.0	BOCI50	1.2000000476837158	sh	etf_cn
515200	sh	515200	100.0	3.0	创新100	1.7280000448226929	sh	etf_cn
515210	sh	515210	100.0	3.0	钢铁ETF	1.2309999465942383	sh	etf_cn
515220	sh	515220	100.0	3.0	煤炭ETF	130.0037500858307	sh	etf_cn
515230	sh	515230	100.0	3.0	软件ETF	32256.503812491894	sh	etf_cn
515250	sh	515250	100.0	3.0	智能汽车	25856.500468730927	sh	etf_cn
515260	sh	515260	100.0	3.0	电子ETF	16384.50199997425	sh	etf_cn
515280	sh	515280	100.0	3.0	银行龙头	1.0959999561309814	sh	etf_cn
515290	sh	515290	100.0	3.0	银行	29184.500687479973	sh	etf_cn
515300	sh	515300	100.0	3.0	红利300	1.3270000219345093	sh	etf_cn
515310	sh	515310	100.0	3.0	添富300	1.0789999961853027	sh	etf_cn
515320	sh	515320	100.0	3.0	电子50	14336.502250015736	sh	etf_cn
515330	sh	515330	100.0	3.0	天弘300	1.034000039100647	sh	etf_cn
515350	sh	515350	100.0	3.0	民生300	4.769999980926514	sh	etf_cn
515360	sh	515360	100.0	3.0	方正300	4.960000038146973	sh	etf_cn
515380	sh	515380	100.0	3.0	泰康300	4.107999801635742	sh	etf_cn
515390	sh	515390	100.0	3.0	HS300	1.0449999570846558	sh	etf_cn
515400	sh	515400	100.0	3.0	大数据	32768.5	sh	etf_cn
515450	sh	515450	100.0	3.0	红利50	1.350000023841858	sh	etf_cn
515530	sh	515530	100.0	3.0	泰康500	4674.000375032425	sh	etf_cn
515550	sh	515550	100.0	3.0	中融500	1.2740000486373901	sh	etf_cn
515560	sh	515560	100.0	3.0	证券E	18688.503843724728	sh	etf_cn
515570	sh	515570	100.0	3.0	山证红利	1.149999976158142	sh	etf_cn
515580	sh	515580	100.0	3.0	中证科技	21760.502968728542	sh	etf_cn
515590	sh	515590	100.0	3.0	500ETF	1.4470000267028809	sh	etf_cn
515600	sh	515600	100.0	3.0	央企创新	1.378999948501587	sh	etf_cn
515630	sh	515630	100.0	3.0	保险证券	32768.50300002098	sh	etf_cn
515650	sh	515650	100.0	3.0	消费50	1.1619999408721924	sh	etf_cn
515660	sh	515660	100.0	3.0	沪深300E	4.4079999923706055	sh	etf_cn
515670	sh	515670	100.0	3.0	中银100	31232.501437485218	sh	etf_cn
515680	sh	515680	100.0	3.0	创新央企	1.3930000066757202	sh	etf_cn
515700	sh	515700	100.0	3.0	新能车	1.968000054359436	sh	etf_cn
515710	sh	515710	100.0	3.0	食品ETF	13824.501062512398	sh	etf_cn
515750	sh	515750	100.0	3.0	科技50	1.3459999561309814	sh	etf_cn
515760	sh	515760	100.0	3.0	浙江国资	1.0889999866485596	sh	etf_cn
515770	sh	515770	100.0	3.0	MSCIAE	1.1150000095367432	sh	etf_cn
515780	sh	515780	100.0	3.0	浦银MSCI	1.2860000133514404	sh	etf_cn
515790	sh	515790	100.0	3.0	光伏ETF	1.2309999465942383	sh	etf_cn
515800	sh	515800	100.0	3.0	800ETF	1.0800000429153442	sh	etf_cn
515810	sh	515810	100.0	3.0	ZZ800E	1.187000036239624	sh	etf_cn
515850	sh	515850	100.0	3.0	证券龙头	1.0540000200271606	sh	etf_cn
515860	sh	515860	100.0	3.0	科技100	1.2410000562667847	sh	etf_cn
515880	sh	515880	100.0	3.0	通信ETF	1.2829999923706055	sh	etf_cn
515890	sh	515890	100.0	3.0	红利博时	1.2899999618530273	sh	etf_cn
515900	sh	515900	100.0	3.0	央创ETF	1.38100004196167	sh	etf_cn
515910	sh	515910	100.0	3.0	质量ETF	6400.502343773842	sh	etf_cn
515920	sh	515920	100.0	3.0	智能消费	16640.502093732357	sh	etf_cn
515930	sh	515930	100.0	3.0	永赢300	4.880000114440918	sh	etf_cn
515950	sh	515950	100.0	3.0	医药龙头	1.1399999856948853	sh	etf_cn
515960	sh	515960	100.0	3.0	医药100	23040.500437498093	sh	etf_cn
515980	sh	515980	100.0	3.0	人工智能	1.0110000371932983	sh	etf_cn
515990	sh	515990	100.0	3.0	添富国企	1.2929999828338623	sh	etf_cn
516000	sh	516000	100.0	3.0	大数据50	1.059999942779541	sh	etf_cn
516010	sh	516010	100.0	3.0	游戏ETF	1.4809999465942383	sh	etf_cn
516020	sh	516020	100.0	3.0	化工ETF	12288.500500023365	sh	etf_cn
516050	sh	516050	100.0	3.0	科技龙头	11776.500312507153	sh	etf_cn
516060	sh	516060	100.0	3.0	新药ETF	3584.501312494278	sh	etf_cn
516070	sh	516070	100.0	3.0	碳中和50	2048.502749979496	sh	etf_cn
516080	sh	516080	100.0	3.0	创新医药	6400.501343727112	sh	etf_cn
516090	sh	516090	100.0	3.0	新能源E	2048.500750005245	sh	etf_cn
516100	sh	516100	100.0	3.0	科技金融	29696.50187498331	sh	etf_cn
516110	sh	516110	100.0	3.0	汽车ETF	1.0360000133514404	sh	etf_cn
516120	sh	516120	100.0	3.0	化工50	12800.500687479973	sh	etf_cn
516130	sh	516130	100.0	3.0	消费龙头	19456.50012499094	sh	etf_cn
516150	sh	516150	100.0	3.0	稀土基金	1.1080000400543213	sh	etf_cn
516160	sh	516160	100.0	3.0	新能源	23808.50071877241	sh	etf_cn
516170	sh	516170	100.0	3.0	食品行业	5.877471754111438e-39	sh	etf_cn
516180	sh	516180	100.0	3.0	光伏产业	1.0160000324249268	sh	etf_cn
516190	sh	516190	100.0	3.0	文娱ETF	1.1640000343322754	sh	etf_cn
516200	sh	516200	100.0	3.0	证券行业	22016.501062512398	sh	etf_cn
516210	sh	516210	100.0	3.0	银行股	26624.502749979496	sh	etf_cn
516220	sh	516220	100.0	3.0	化工龙头	14848.500437498093	sh	etf_cn
516260	sh	516260	100.0	3.0	物联网50	19968.500312507153	sh	etf_cn
516270	sh	516270	100.0	3.0	新能源50	9984.50265622139	sh	etf_cn
516290	sh	516290	100.0	3.0	光伏基金	16896.50318747759	sh	etf_cn
516300	sh	516300	100.0	3.0	中证1000	1.0540000200271606	sh	etf_cn
516310	sh	516310	100.0	3.0	银行指基	23296.50353127718	sh	etf_cn
516320	sh	516320	100.0	3.0	装备ETF	24064.500812470913	sh	etf_cn
516330	sh	516330	100.0	3.0	物联网	30720.502250015736	sh	etf_cn
516350	sh	516350	100.0	3.0	芯片50	13824.502062499523	sh	etf_cn
516360	sh	516360	100.0	3.0	新材料	24576.500999987125	sh	etf_cn
516380	sh	516380	100.0	3.0	智能电车	19456.502125024796	sh	etf_cn
516390	sh	516390	100.0	3.0	电动车	19968.503312528133	sh	etf_cn
516480	sh	516480	100.0	3.0	新材料基	17152.50028127432	sh	etf_cn
516500	sh	516500	100.0	3.0	生物ETF	11008.50203126669	sh	etf_cn
516510	sh	516510	100.0	3.0	云计算	1.2000000476837158	sh	etf_cn
516520	sh	516520	100.0	3.0	智能驾驶	29440.50378125906	sh	etf_cn
516530	sh	516530	100.0	3.0	物流快递	20480.50349998474	sh	etf_cn
516550	sh	516550	100.0	3.0	农业ETF	11264.501124978065	sh	etf_cn
516560	sh	516560	100.0	3.0	养老ETF	21504.50187498331	sh	etf_cn
516570	sh	516570	100.0	3.0	石化ETF	16640.503093779087	sh	etf_cn
516580	sh	516580	100.0	3.0	新能源BS	11008.500031232834	sh	etf_cn
516590	sh	516590	100.0	3.0	电动汽车	32000.502718746662	sh	etf_cn
516600	sh	516600	100.0	3.0	消服ETF	7168.500625014305	sh	etf_cn
516610	sh	516610	100.0	3.0	医服ETF	7168.503624975681	sh	etf_cn
516620	sh	516620	100.0	3.0	影视ETF	1.059999942779541	sh	etf_cn
516630	sh	516630	100.0	3.0	云计算50	1.187999963760376	sh	etf_cn
516640	sh	516640	100.0	3.0	芯片龙头	10240.503750026226	sh	etf_cn
516650	sh	516650	100.0	3.0	有色50	30208.502062499523	sh	etf_cn
516660	sh	516660	100.0	3.0	新能汽车	28160.500312507153	sh	etf_cn
516670	sh	516670	100.0	3.0	畜牧养殖	15360.50162500143	sh	etf_cn
516690	sh	516690	100.0	3.0	化工产业	9472.502468764782	sh	etf_cn
516700	sh	516700	100.0	3.0	数据产业	1.0499999523162842	sh	etf_cn
516710	sh	516710	100.0	3.0	新材料50	8704.500187516212	sh	etf_cn
516720	sh	516720	100.0	3.0	ESGETF	21504.500874996185	sh	etf_cn
516730	sh	516730	100.0	3.0	证券公司	17920.50256252289	sh	etf_cn
516750	sh	516750	100.0	3.0	建材ETF	17920.503562510014	sh	etf_cn
516760	sh	516760	100.0	3.0	养殖ETF	14336.50024998188	sh	etf_cn
516770	sh	516770	100.0	3.0	游戏动漫	1.4910000562667847	sh	etf_cn
516780	sh	516780	100.0	3.0	稀土ETF	1.0429999828338623	sh	etf_cn
516790	sh	516790	100.0	3.0	保健ETF	13312.502874970436	sh	etf_cn
516800	sh	516800	100.0	3.0	智能制造	1.0369999408721924	sh	etf_cn
516810	sh	516810	100.0	3.0	农业	15616.500718772411	sh	etf_cn
516820	sh	516820	100.0	3.0	医疗创新	0.40700000524520874	sh	etf_cn
516830	sh	516830	100.0	3.0	300ESG	17664.502468764782	sh	etf_cn
516850	sh	516850	100.0	3.0	新能源80	1.0299999713897705	sh	etf_cn
516860	sh	516860	100.0	3.0	金融科技	32256.50281250477	sh	etf_cn
516880	sh	516880	100.0	3.0	光伏50	1.0169999599456787	sh	etf_cn
516890	sh	516890	100.0	3.0	新材ETF	10240.503750026226	sh	etf_cn
516900	sh	516900	100.0	3.0	食品50	15616.500718772411	sh	etf_cn
516910	sh	516910	100.0	3.0	物流ETF	29184.501687526703	sh	etf_cn
516920	sh	516920	100.0	3.0	芯片基金	9216.50137501955	sh	etf_cn
516930	sh	516930	100.0	3.0	生科ETF	2816.501031279564	sh	etf_cn
516950	sh	516950	100.0	3.0	基建ETF	1.093999981880188	sh	etf_cn
516960	sh	516960	100.0	3.0	机械ETF	26368.50265622139	sh	etf_cn
516970	sh	516970	100.0	3.0	基建50	1.2070000171661377	sh	etf_cn
516980	sh	516980	100.0	3.0	证券先锋	23040.501437485218	sh	etf_cn
517000	sh	517000	100.0	3.0	沪港深	15616.500718772411	sh	etf_cn
517010	sh	517010	100.0	3.0	HGS500	21504.503875017166	sh	etf_cn
517030	sh	517030	100.0	3.0	HGS300	22528.50125002861	sh	etf_cn
517050	sh	517050	100.0	3.0	互联网50	9984.500656247139	sh	etf_cn
517080	sh	517080	100.0	3.0	HGS500	15616.503718733788	sh	etf_cn
517090	sh	517090	100.0	3.0	共赢ETF	1.2730000019073486	sh	etf_cn
517100	sh	517100	100.0	3.0	AH500E	15872.501812517643	sh	etf_cn
517110	sh	517110	100.0	3.0	创新药HK	5632.501062512398	sh	etf_cn
517120	sh	517120	100.0	3.0	创新药50	2304.5038437247276	sh	etf_cn
517160	sh	517160	100.0	3.0	长江ETF	15616.500718772411	sh	etf_cn
517170	sh	517170	100.0	3.0	沪港深E	17152.503281235695	sh	etf_cn
517180	sh	517180	100.0	3.0	中国国企	1.3420000076293945	sh	etf_cn
517200	sh	517200	100.0	3.0	互联网	7168.5016250014305	sh	etf_cn
517270	sh	517270	100.0	3.0	科技TOP	17408.5033749938	sh	etf_cn
517280	sh	517280	100.0	3.0	网购ETF	27648.501124978065	sh	etf_cn
517300	sh	517300	100.0	3.0	AH300E	13056.500781238079	sh	etf_cn
517330	sh	517330	100.0	3.0	长江保护	15616.503718733788	sh	etf_cn
517350	sh	517350	100.0	3.0	中概科技	7424.501718759537	sh	etf_cn
517360	sh	517360	100.0	3.0	AH科技	20224.503406226635	sh	etf_cn
517380	sh	517380	100.0	3.0	创新药AH	4608.502687513828	sh	etf_cn
517390	sh	517390	100.0	3.0	云计算AH	1.0269999504089355	sh	etf_cn
517500	sh	517500	100.0	3.0	游戏AH	1.5789999961853027	sh	etf_cn
517550	sh	517550	100.0	3.0	消费主题	17408.502375006676	sh	etf_cn
517660	sh	517660	100.0	3.0	物联网AH	20992.503687500954	sh	etf_cn
517760	sh	517760	100.0	3.0	消费TOP	27136.501937508583	sh	etf_cn
517770	sh	517770	100.0	3.0	游戏传媒	1.034999966621399	sh	etf_cn
517780	sh	517780	100.0	3.0	红300ET	1.0700000524520874	sh	etf_cn
517800	sh	517800	100.0	3.0	AI50	14592.500343739986	sh	etf_cn
517850	sh	517850	100.0	3.0	张江ETF	26368.50265622139	sh	etf_cn
517880	sh	517880	100.0	3.0	品牌消费	20992.503687500954	sh	etf_cn
517900	sh	517900	100.0	3.0	银行优选	30208.500062525272	sh	etf_cn
517960	sh	517960	100.0	3.0	科技AH	25856.502468764782	sh	etf_cn
517980	sh	517980	100.0	3.0	银行AH	5.877471754111438e-39	sh	etf_cn
517990	sh	517990	100.0	3.0	医药基金	25088.502187490463	sh	etf_cn
518600	sh	518600	100.0	3.0	上海金	4.315000057220459	sh	etf_cn
518660	sh	518660	100.0	3.0	工银黄金	4.3470001220703125	sh	etf_cn
518680	sh	518680	100.0	3.0	金ETF	4.336999893188477	sh	etf_cn
518800	sh	518800	100.0	3.0	黄金基金	4.284999847412109	sh	etf_cn
518850	sh	518850	100.0	3.0	黄金9999	4.36899995803833	sh	etf_cn
518860	sh	518860	100.0	3.0	上海金E	4.357999801635742	sh	etf_cn
518880	sh	518880	100.0	3.0	黄金ETF	4.3429999351501465	sh	etf_cn
518890	sh	518890	100.0	3.0	中银黄金	4.379000186920166	sh	etf_cn
519001	sh	519001	100.0	3.0	银华优选	214.75999450683594	sh	etf_cn
519002	sh	519002	100.0	3.0	安信消费	441.1000061035156	sh	etf_cn
519003	sh	519003	100.0	3.0	海富收益	219.3000030517578	sh	etf_cn
519005	sh	519005	100.0	3.0	海富股票	145.52000427246094	sh	etf_cn
519007	sh	519007	100.0	3.0	海富回报	98.72000122070312	sh	etf_cn
519008	sh	519008	100.0	3.0	添富优势	251.9499969482422	sh	etf_cn
519011	sh	519011	100.0	3.0	海富精选	372.2200012207031	sh	etf_cn
519013	sh	519013	100.0	3.0	海富优势	83.12000274658203	sh	etf_cn
519015	sh	519015	100.0	3.0	海富贰号	138.35000610351562	sh	etf_cn
519017	sh	519017	100.0	3.0	大成成长	87.5999984741211	sh	etf_cn
519018	sh	519018	100.0	3.0	添富均衡	428.0	sh	etf_cn
519019	sh	519019	100.0	3.0	大成景阳	73.5999984741211	sh	etf_cn
519020	sh	519020	100.0	3.0	国泰金泰	203.6999969482422	sh	etf_cn
519021	sh	519021	100.0	3.0	金鼎价值	104.20000076293945	sh	etf_cn
519023	sh	519023	100.0	3.0	海富债券	108.20999908447266	sh	etf_cn
519025	sh	519025	100.0	3.0	海富领先	183.3699951171875	sh	etf_cn
519026	sh	519026	100.0	3.0	海富小盘	149.05999755859375	sh	etf_cn
519027	sh	519027	100.0	3.0	海富周期	127.04000091552734	sh	etf_cn
519028	sh	519028	100.0	3.0	华夏稳增	246.0	sh	etf_cn
519029	sh	519029	100.0	3.0	华夏稳增	246.0	sh	etf_cn
519030	sh	519030	100.0	3.0	海富稳固	121.13999938964844	sh	etf_cn
519032	sh	519032	100.0	3.0	海富非周	132.83999633789062	sh	etf_cn
519033	sh	519033	100.0	3.0	海富国策	182.0500030517578	sh	etf_cn
519034	sh	519034	100.0	3.0	海富500	176.6999969482422	sh	etf_cn
519035	sh	519035	100.0	3.0	富国天博	194.82000732421875	sh	etf_cn
519039	sh	519039	100.0	3.0	长盛同德	183.88999938964844	sh	etf_cn
519050	sh	519050	100.0	3.0	海富安颐	124.58000183105469	sh	etf_cn
519056	sh	519056	100.0	3.0	海富内需	241.77999877929688	sh	etf_cn
519060	sh	519060	100.0	3.0	海富纯C	110.54000091552734	sh	etf_cn
519061	sh	519061	100.0	3.0	海富纯A	112.38999938964844	sh	etf_cn
519062	sh	519062	100.0	3.0	海富对冲	109.04000091552734	sh	etf_cn
519066	sh	519066	100.0	3.0	添富蓝筹	261.3999938964844	sh	etf_cn
519068	sh	519068	100.0	3.0	添富焦点	206.35000610351562	sh	etf_cn
519069	sh	519069	100.0	3.0	添富价值	245.10000610351562	sh	etf_cn
519078	sh	519078	100.0	3.0	添富增收	125.87000274658203	sh	etf_cn
519087	sh	519087	100.0	3.0	新华分红	67.01000213623047	sh	etf_cn
519089	sh	519089	100.0	3.0	新华成长	201.22999572753906	sh	etf_cn
519093	sh	519093	100.0	3.0	新华钻石	254.2100067138672	sh	etf_cn
519095	sh	519095	100.0	3.0	新华行业	373.94000244140625	sh	etf_cn
519097	sh	519097	100.0	3.0	新华市值	279.5799865722656	sh	etf_cn
519099	sh	519099	100.0	3.0	新华主题	155.97999572753906	sh	etf_cn
519100	sh	519100	100.0	3.0	长盛100	118.76000213623047	sh	etf_cn
519110	sh	519110	100.0	3.0	价值A	120.55000305175781	sh	etf_cn
519111	sh	519111	100.0	3.0	浦银收益	151.89999389648438	sh	etf_cn
519112	sh	519112	100.0	3.0	收益债C	145.10000610351562	sh	etf_cn
519113	sh	519113	100.0	3.0	浦银生活	303.20001220703125	sh	etf_cn
519115	sh	519115	100.0	3.0	浦银红利	215.1999969482422	sh	etf_cn
519116	sh	519116	100.0	3.0	浦银300	107.69999694824219	sh	etf_cn
519118	sh	519118	100.0	3.0	幸福债A	103.5999984741211	sh	etf_cn
519119	sh	519119	100.0	3.0	幸福债B	103.4000015258789	sh	etf_cn
519120	sh	519120	100.0	3.0	新兴产业	281.3800048828125	sh	etf_cn
519125	sh	519125	100.0	3.0	消费A	248.60000610351562	sh	etf_cn
519126	sh	519126	100.0	3.0	新经济	218.67999267578125	sh	etf_cn
519127	sh	519127	100.0	3.0	盛世A	179.1999969482422	sh	etf_cn
519130	sh	519130	100.0	3.0	海富新内	144.2100067138672	sh	etf_cn
519133	sh	519133	100.0	3.0	海富改革	215.8699951171875	sh	etf_cn
519134	sh	519134	100.0	3.0	海富富祥	32768.5	sh	etf_cn
519135	sh	519135	100.0	3.0	海富瑞益	5.877471754111438e-39	sh	etf_cn
519136	sh	519136	100.0	3.0	海富瑞丰	5.877471754111438e-39	sh	etf_cn
519137	sh	519137	100.0	3.0	海富瑞福	109.83000183105469	sh	etf_cn
519138	sh	519138	100.0	3.0	海富瑞祥	120.26000213623047	sh	etf_cn
519150	sh	519150	100.0	3.0	新华消费	309.010009765625	sh	etf_cn
519152	sh	519152	100.0	3.0	新华纯A	113.37999725341797	sh	etf_cn
519153	sh	519153	100.0	3.0	新华纯C	112.41999816894531	sh	etf_cn
519156	sh	519156	100.0	3.0	新华配置	140.0399932861328	sh	etf_cn
519158	sh	519158	100.0	3.0	新华趋势	222.4499969482422	sh	etf_cn
519160	sh	519160	100.0	3.0	新华惠A	100.30000305175781	sh	etf_cn
519161	sh	519161	100.0	3.0	新华惠C	99.58999633789062	sh	etf_cn
519162	sh	519162	100.0	3.0	新华增A	141.47999572753906	sh	etf_cn
519163	sh	519163	100.0	3.0	新华增C	142.60000610351562	sh	etf_cn
519165	sh	519165	100.0	3.0	新华鑫利	5.877471754111438e-39	sh	etf_cn
519167	sh	519167	100.0	3.0	新华精选	32768.5	sh	etf_cn
519170	sh	519170	100.0	3.0	浦银增长	92.91999816894531	sh	etf_cn
519171	sh	519171	100.0	3.0	浦银医疗	125.37999725341797	sh	etf_cn
519172	sh	519172	100.0	3.0	睿智A	154.10000610351562	sh	etf_cn
519173	sh	519173	100.0	3.0	睿智C	144.89999389648438	sh	etf_cn
519175	sh	519175	100.0	3.0	浦银崛起	112.44999694824219	sh	etf_cn
519180	sh	519180	100.0	3.0	万家 180	94.20999908447266	sh	etf_cn
519181	sh	519181	100.0	3.0	万家和谐	166.72999572753906	sh	etf_cn
519183	sh	519183	100.0	3.0	万家引擎	238.72000122070312	sh	etf_cn
519185	sh	519185	100.0	3.0	万家精选	138.27000427246094	sh	etf_cn
519186	sh	519186	100.0	3.0	万家稳增	123.37000274658203	sh	etf_cn
519188	sh	519188	100.0	3.0	万家恒A	110.58999633789062	sh	etf_cn
519189	sh	519189	100.0	3.0	万家恒C	108.11000061035156	sh	etf_cn
519190	sh	519190	100.0	3.0	万家双利	124.25	sh	etf_cn
519191	sh	519191	100.0	3.0	万家新利	150.22000122070312	sh	etf_cn
519192	sh	519192	100.0	3.0	万家市政	5.877471754111438e-39	sh	etf_cn
519193	sh	519193	100.0	3.0	万家成长	226.8300018310547	sh	etf_cn
519195	sh	519195	100.0	3.0	万家品质	279.80999755859375	sh	etf_cn
519196	sh	519196	100.0	3.0	万家蓝筹	251.74000549316406	sh	etf_cn
519197	sh	519197	100.0	3.0	万家颐达	113.0	sh	etf_cn
519198	sh	519198	100.0	3.0	万家颐和	167.3699951171875	sh	etf_cn
519199	sh	519199	100.0	3.0	万家家享	105.33999633789062	sh	etf_cn
519206	sh	519206	100.0	3.0	万家荣A	112.80000305175781	sh	etf_cn
519207	sh	519207	100.0	3.0	万家荣C	110.7699966430664	sh	etf_cn
519300	sh	519300	100.0	3.0	大成300A	96.25	sh	etf_cn
519505	sh	519505	100.0	3.0	海富货A	264.04999923706055	sh	etf_cn
519506	sh	519506	100.0	3.0	海富货B	372.0	sh	etf_cn
519507	sh	519507	100.0	3.0	万家货B	544.0699996948242	sh	etf_cn
519508	sh	519508	100.0	3.0	万家货A	440.0099983215332	sh	etf_cn
519509	sh	519509	100.0	3.0	浦银货A	408.13000106811523	sh	etf_cn
519510	sh	519510	100.0	3.0	浦银货B	512.2099990844727	sh	etf_cn
519511	sh	519511	100.0	3.0	万家薪A	396.04000091552734	sh	etf_cn
519512	sh	519512	100.0	3.0	万家薪B	496.0800018310547	sh	etf_cn
519518	sh	519518	100.0	3.0	添富货币	340.1500015258789	sh	etf_cn
519519	sh	519519	100.0	3.0	友邦增利	106.79000091552734	sh	etf_cn
519566	sh	519566	100.0	3.0	日日盈A	408.189998626709	sh	etf_cn
519567	sh	519567	100.0	3.0	日日盈B	512.1300010681152	sh	etf_cn
519598	sh	519598	100.0	3.0	利息B	364.04999923706055	sh	etf_cn
519599	sh	519599	100.0	3.0	利息A	256.2200012207031	sh	etf_cn
519606	sh	519606	100.0	3.0	国泰金鑫	176.9499969482422	sh	etf_cn
519613	sh	519613	100.0	3.0	银河尚A	155.63999938964844	sh	etf_cn
519614	sh	519614	100.0	3.0	银河尚C	150.77000427246094	sh	etf_cn
519616	sh	519616	100.0	3.0	银河信A	119.55999755859375	sh	etf_cn
519617	sh	519617	100.0	3.0	银河信C	117.80000305175781	sh	etf_cn
519619	sh	519619	100.0	3.0	银河荣A	171.5	sh	etf_cn
519620	sh	519620	100.0	3.0	银河荣C	166.00999450683594	sh	etf_cn
519622	sh	519622	100.0	3.0	银河君怡	104.13999938964844	sh	etf_cn
519623	sh	519623	100.0	3.0	银河耀A	156.19000244140625	sh	etf_cn
519624	sh	519624	100.0	3.0	银河耀C	155.0399932861328	sh	etf_cn
519625	sh	519625	100.0	3.0	银河盛A	123.91000366210938	sh	etf_cn
519626	sh	519626	100.0	3.0	银河盛C	122.68000030517578	sh	etf_cn
519627	sh	519627	100.0	3.0	君润A	100.83000183105469	sh	etf_cn
519628	sh	519628	100.0	3.0	君润C	100.70999908447266	sh	etf_cn
519642	sh	519642	100.0	3.0	银河智造	259.1000061035156	sh	etf_cn
519644	sh	519644	100.0	3.0	银河智联	339.29998779296875	sh	etf_cn
519651	sh	519651	100.0	3.0	银河转型	340.04999923706055	sh	etf_cn
519652	sh	519652	100.0	3.0	银河鑫A	142.5	sh	etf_cn
519653	sh	519653	100.0	3.0	银河鑫C	139.39999389648438	sh	etf_cn
519654	sh	519654	100.0	3.0	银河丰利	101.8499984741211	sh	etf_cn
519655	sh	519655	100.0	3.0	银河服务	154.60000610351562	sh	etf_cn
519656	sh	519656	100.0	3.0	银河灵A	334.79998779296875	sh	etf_cn
519657	sh	519657	100.0	3.0	银河灵C	314.79998779296875	sh	etf_cn
519660	sh	519660	100.0	3.0	银河增A	154.8000030517578	sh	etf_cn
519661	sh	519661	100.0	3.0	银河增C	149.89999389648438	sh	etf_cn
519664	sh	519664	100.0	3.0	美丽A	183.60000610351562	sh	etf_cn
519665	sh	519665	100.0	3.0	美丽C	170.60000610351562	sh	etf_cn
519666	sh	519666	100.0	3.0	银河银信	105.3499984741211	sh	etf_cn
519668	sh	519668	100.0	3.0	银河成长	115.12999725341797	sh	etf_cn
519669	sh	519669	100.0	3.0	银河领先	117.69999694824219	sh	etf_cn
519670	sh	519670	100.0	3.0	银河行业	92.4000015258789	sh	etf_cn
519671	sh	519671	100.0	3.0	300价值	153.3000030517578	sh	etf_cn
519672	sh	519672	100.0	3.0	银河蓝筹	414.29998779296875	sh	etf_cn
519673	sh	519673	100.0	3.0	银河康乐	256.5	sh	etf_cn
519674	sh	519674	100.0	3.0	银河创新	517.02001953125	sh	etf_cn
519675	sh	519675	100.0	3.0	银河泰利	101.01000213623047	sh	etf_cn
519676	sh	519676	100.0	3.0	银河保本	106.0	sh	etf_cn
519677	sh	519677	100.0	3.0	定投宝	276.3999938964844	sh	etf_cn
519678	sh	519678	100.0	3.0	银河消费	212.3000030517578	sh	etf_cn
519679	sh	519679	100.0	3.0	银河主题	513.5999755859375	sh	etf_cn
519680	sh	519680	100.0	3.0	交银增利	102.22000122070312	sh	etf_cn
519683	sh	519683	100.0	3.0	交银双利	134.36000061035156	sh	etf_cn
519688	sh	519688	100.0	3.0	交银精选	87.26000213623047	sh	etf_cn
519690	sh	519690	100.0	3.0	交银稳健	95.05999755859375	sh	etf_cn
519692	sh	519692	100.0	3.0	交银成长	479.6700134277344	sh	etf_cn
519698	sh	519698	100.0	3.0	交银先锋	206.44000244140625	sh	etf_cn
519700	sh	519700	100.0	3.0	交银主题	195.63999938964844	sh	etf_cn
519702	sh	519702	100.0	3.0	交银趋势	439.0299987792969	sh	etf_cn
519704	sh	519704	100.0	3.0	交银制造	413.92999267578125	sh	etf_cn
519706	sh	519706	100.0	3.0	交银价值	188.3000030517578	sh	etf_cn
519712	sh	519712	100.0	3.0	交银核心	322.2900085449219	sh	etf_cn
519714	sh	519714	100.0	3.0	交银消费	179.89999389648438	sh	etf_cn
519718	sh	519718	100.0	3.0	交银纯债	109.76000213623047	sh	etf_cn
519723	sh	519723	100.0	3.0	交银双轮	108.02999877929688	sh	etf_cn
519727	sh	519727	100.0	3.0	交银30	215.89999389648438	sh	etf_cn
519733	sh	519733	100.0	3.0	交银强债	111.44000244140625	sh	etf_cn
519734	sh	519734	100.0	3.0	交银强后	5.877471754111438e-39	sh	etf_cn
519735	sh	519735	100.0	3.0	交银强销	5.877471754111438e-39	sh	etf_cn
519800	sh	519800	100.0	3.0	保证金A	573440.0078637693	sh	etf_cn
519801	sh	519801	100.0	3.0	保证金B	573440.0078637693	sh	etf_cn
519858	sh	519858	100.0	3.0	广发宝A	573440.0078637693	sh	etf_cn
519859	sh	519859	100.0	3.0	广发宝B	32768.5	sh	etf_cn
519878	sh	519878	100.0	3.0	国保A	573440.0078637693	sh	etf_cn
519879	sh	519879	100.0	3.0	国保B	32768.5	sh	etf_cn
519888	sh	519888	100.0	3.0	添富快线	573440.0078637693	sh	etf_cn
519889	sh	519889	100.0	3.0	添富快B	573440.0078637693	sh	etf_cn
519898	sh	519898	100.0	3.0	现金宝A	573440.0078637693	sh	etf_cn
519899	sh	519899	100.0	3.0	现金宝B	32768.5	sh	etf_cn
519908	sh	519908	100.0	3.0	基金兴华	303.8999938964844	sh	etf_cn
519909	sh	519909	100.0	3.0	安顺配置	339.5	sh	etf_cn
519915	sh	519915	100.0	3.0	富国消费	257.0	sh	etf_cn
519918	sh	519918	100.0	3.0	基金兴和	347.6000061035156	sh	etf_cn
519929	sh	519929	100.0	3.0	信息量化	101.0	sh	etf_cn
519933	sh	519933	100.0	3.0	长信利发	105.70999908447266	sh	etf_cn
519935	sh	519935	100.0	3.0	长信创新	143.39999389648438	sh	etf_cn
519937	sh	519937	100.0	3.0	CXXRA	102.08999633789062	sh	etf_cn
519940	sh	519940	100.0	3.0	富全C	103.38999938964844	sh	etf_cn
519941	sh	519941	100.0	3.0	富全A	103.37000274658203	sh	etf_cn
519942	sh	519942	100.0	3.0	CXLLZC	107.11000061035156	sh	etf_cn
519943	sh	519943	100.0	3.0	CXLLZA	107.20999908447266	sh	etf_cn
519944	sh	519944	100.0	3.0	富安C	106.68000030517578	sh	etf_cn
519945	sh	519945	100.0	3.0	富安A	106.73999786376953	sh	etf_cn
519947	sh	519947	100.0	3.0	CXLBA	106.7699966430664	sh	etf_cn
519949	sh	519949	100.0	3.0	CXLXA	124.69999694824219	sh	etf_cn
519951	sh	519951	100.0	3.0	CXLTA	104.75	sh	etf_cn
519956	sh	519956	100.0	3.0	睿进C	81.44999694824219	sh	etf_cn
519957	sh	519957	100.0	3.0	睿进A	88.02999877929688	sh	etf_cn
519959	sh	519959	100.0	3.0	长信多利	148.83999633789062	sh	etf_cn
519961	sh	519961	100.0	3.0	利广A	182.6699981689453	sh	etf_cn
519963	sh	519963	100.0	3.0	利盈A	120.44000244140625	sh	etf_cn
519965	sh	519965	100.0	3.0	CXLHDC	159.9600067138672	sh	etf_cn
519967	sh	519967	100.0	3.0	长信利富	123.25	sh	etf_cn
519969	sh	519969	100.0	3.0	长信新利	111.19999694824219	sh	etf_cn
519971	sh	519971	100.0	3.0	长信GGHL	147.8000030517578	sh	etf_cn
519972	sh	519972	100.0	3.0	CX纯债C	104.16000366210938	sh	etf_cn
519973	sh	519973	100.0	3.0	CX纯债A	104.31999969482422	sh	etf_cn
519975	sh	519975	100.0	3.0	CXLH中小	139.1999969482422	sh	etf_cn
519976	sh	519976	100.0	3.0	CX转债C	159.77000427246094	sh	etf_cn
519977	sh	519977	100.0	3.0	CX转债A	166.24000549316406	sh	etf_cn
519979	sh	519979	100.0	3.0	CXNXA	179.49000549316406	sh	etf_cn
519983	sh	519983	100.0	3.0	长信LHA	158.0	sh	etf_cn
519985	sh	519985	100.0	3.0	CXCZYH	121.33999633789062	sh	etf_cn
519987	sh	519987	100.0	3.0	长信恒利	105.69999694824219	sh	etf_cn
519989	sh	519989	100.0	3.0	长信LFC	131.10000610351562	sh	etf_cn
519991	sh	519991	100.0	3.0	CXSLA	151.47999572753906	sh	etf_cn
519993	sh	519993	100.0	3.0	长信增利	83.56999969482422	sh	etf_cn
519995	sh	519995	100.0	3.0	长信金利	188.02000045776367	sh	etf_cn
519997	sh	519997	100.0	3.0	长信银利	90.54000091552734	sh	etf_cn
